Date,Open,High,Low,Close,Volume,Dividends,Stock Splits
2021-08-13 00:00:00+02:00,52.17859649658203,52.51215684645571,51.94033806509079,52.17859649658203,44183,0.0,0.0
2021-08-16 00:00:00+02:00,51.74972629203205,52.13094120495052,51.08260201219217,51.36851501464844,62752,0.0,0.0
2021-08-17 00:00:00+02:00,50.98730244668042,51.70207771462454,50.558436558806946,50.93965148925781,69086,0.0,0.0
2021-08-18 00:00:00+02:00,51.225560250430696,51.65442613312269,49.796009731814024,49.89131164550781,54572,0.0,0.0
2021-08-19 00:00:00+02:00,49.55774806992628,49.74835552037909,46.75583054553449,46.793949127197266,199274,0.0,0.0
2021-08-20 00:00:00+02:00,46.60335218962787,47.518263724175014,46.107774199531015,47.09892654418945,84693,0.0,0.0
2021-08-23 00:00:00+02:00,48.12820361128681,48.652371438362096,47.84229421793075,48.27116012573242,65638,0.0,0.0
2021-08-24 00:00:00+02:00,48.604720478725284,48.79532795280772,47.74698866312195,48.27116012573242,70774,0.0,0.0
2021-08-25 00:00:00+02:00,48.318804239680176,48.318804239680176,47.442011437336916,47.65167999267578,49781,0.0,0.0
2021-08-26 00:00:00+02:00,47.65168639717237,47.65168639717237,46.26025802690337,46.5080451965332,58125,0.0,0.0
2021-08-27 00:00:00+02:00,46.69864937014354,48.22350177291386,46.48898080143704,48.03289794921875,174273,0.0,0.0
2021-08-30 00:00:00+02:00,48.60471593105693,48.60471593105693,46.69864863964293,47.46107482910156,117871,0.0,0.0
2021-08-31 00:00:00+02:00,47.51826281818676,47.69933791984205,46.908321806784535,47.5563850402832,54618,0.0,0.0
2021-09-01 00:00:00+02:00,47.93759926960031,48.70002558021422,47.461082371024695,47.6993408203125,77596,0.0,0.0
2021-09-02 00:00:00+02:00,47.84229734409936,48.318814242674975,47.5945065209402,47.6993408203125,30067,0.0,0.0
2021-09-03 00:00:00+02:00,47.53731645180345,47.88993786189156,46.45085874169683,47.00361633300781,41119,0.0,0.0
2021-09-06 00:00:00+02:00,47.19422877476544,47.49919926478533,46.927380504881796,47.34671401977539,38745,0.0,0.0
2021-09-07 00:00:00+02:00,47.55638361892793,47.84229300503563,46.9464389902204,47.28953170776367,41941,0.0,0.0
2021-09-08 00:00:00+02:00,47.28953278163462,47.4610791443018,46.39368238201113,46.83207702636719,51219,0.0,0.0
2021-09-09 00:00:00+02:00,46.6414684073087,47.42295575780637,46.222134884162536,47.36577606201172,34314,0.0,0.0
2021-09-10 00:00:00+02:00,47.44201441228154,48.03289789882819,47.156105041503906,47.156105041503906,64940,0.0,0.0
2021-09-13 00:00:00+02:00,47.21328945240256,47.794640579783014,46.298377990722656,46.298377990722656,55271,0.0,0.0
2021-09-14 00:00:00+02:00,46.793953466105904,46.793953466105904,45.42158623955717,45.764678955078125,91232,0.0,0.0
2021-09-15 00:00:00+02:00,45.917163962164366,45.97434729296361,44.35418927566883,44.5638542175293,77843,0.0,0.0
2021-09-16 00:00:00+02:00,44.6400978715593,45.326283286912115,44.60197565169859,44.945068359375,49608,0.0,0.0
2021-09-17 00:00:00+02:00,45.57406869950164,46.52710234630934,45.45970567983447,45.70749282836914,74878,0.0,0.0
2021-09-20 00:00:00+02:00,44.92600767105572,46.393680429651624,44.525735265366855,45.993404388427734,68637,0.0,0.0
2021-09-21 00:00:00+02:00,46.336495725512066,46.488980966329954,45.726554762240525,46.20307159423828,29890,0.0,0.0
2021-09-22 00:00:00+02:00,46.660533444045626,47.117989226571325,46.16495543742561,46.88926315307617,58743,0.0,0.0
2021-09-23 00:00:00+02:00,47.13704324413979,47.93759165195507,46.81301165917802,47.46107482910156,75775,0.0,0.0
2021-09-24 00:00:00+02:00,47.19422912597656,47.19422912597656,46.431802895253,47.19422912597656,107747,0.0,0.0
2021-09-27 00:00:00+02:00,46.88925785528239,47.49919882973566,46.298377990722656,46.298377990722656,60782,0.0,0.0
2021-09-28 00:00:00+02:00,46.29837580453371,46.56522405937282,44.81164202285555,45.05942916870117,55766,0.0,0.0
2021-09-29 00:00:00+02:00,45.34534649530655,45.97434860997688,44.773524077538426,45.30722427368164,39842,0.0,0.0
2021-09-30 00:00:00+02:00,45.34534649530655,46.22213577946846,45.211918719619376,45.30722427368164,39932,0.0,0.0
2021-10-01 00:00:00+02:00,44.60197892688347,45.99340733415899,44.373252861993514,45.574073791503906,58436,0.0,0.0
2021-10-04 00:00:00+02:00,45.57406914842331,46.01246375774485,44.96412819014381,45.0784912109375,39681,0.0,0.0
2021-10-05 00:00:00+02:00,45.421588236403466,45.574073490501405,44.6210397435055,45.32628631591797,36885,0.0,0.0
2021-10-06 00:00:00+02:00,44.77352337459084,44.887886402134896,43.78236744111543,44.73540115356445,92727,0.0,0.0
2021-10-07 00:00:00+02:00,45.555012018394144,45.70749727128403,44.88788767367516,45.4787712097168,52731,0.0,0.0
2021-10-08 00:00:00+02:00,45.30722441524356,45.840920977519154,44.79258532830481,44.83070755004883,31534,0.0,0.0
2021-10-11 00:00:00+02:00,45.26909928320819,45.26909928320819,44.1063970435104,44.84976577758789,64070,0.0,0.0
2021-10-12 00:00:00+02:00,44.39231051498476,45.53594802141109,44.22076416191382,45.49782943725586,31783,0.0,0.0
2021-10-13 00:00:00+02:00,45.23098131392521,46.85113943077039,45.05943494652188,46.69865417480469,62062,0.0,0.0
2021-10-14 00:00:00+02:00,47.30859227829376,47.30859227829376,46.260256662685514,46.71771240234375,42699,0.0,0.0
2021-10-15 00:00:00+02:00,47.15610690555662,47.480138508056015,46.71771227733245,47.19422912597656,50424,0.0,0.0
2021-10-18 00:00:00+02:00,47.422953165771744,47.422953165771744,45.89810076900798,46.35555648803711,43145,0.0,0.0
2021-10-19 00:00:00+02:00,46.31743291441232,47.003618290651985,46.27931433225939,46.565223693847656,35271,0.0,0.0
2021-10-20 00:00:00+02:00,46.56522642426724,47.53732121909536,45.993404032026284,47.42295455932617,53667,0.0,0.0
2021-10-21 00:00:00+02:00,47.02268155964506,48.50941539795099,47.02268155964506,48.366458892822266,82979,0.0,0.0
2021-10-22 00:00:00+02:00,48.795330704746114,50.12957582750094,48.223508250249424,48.89063262939453,114497,0.0,0.0
2021-10-25 00:00:00+02:00,49.17654137660263,49.3671488588679,47.98524915686385,48.79533004760742,53242,0.0,0.0
2021-10-26 00:00:00+02:00,48.84297489380076,49.70070663883268,48.60471647968466,48.985931396484375,55344,0.0,0.0
2021-10-27 00:00:00+02:00,48.98593144903969,50.32017638820039,48.65236748759835,48.74767303466797,76754,0.0,0.0
2021-10-28 00:00:00+02:00,48.604719296086714,49.55775300777469,48.50941737913195,49.36714553833008,41860,0.0,0.0
2021-10-29 00:00:00+02:00,49.22418960439595,49.93896484375,48.70001818710843,49.93896484375,48499,0.0,0.0
2021-11-01 00:00:00+01:00,50.03427081637912,51.46382141113281,49.65305587023074,51.46382141113281,99188,0.0,0.0
2021-11-02 00:00:00+01:00,51.22555770981672,52.4168497495799,51.034950256347656,51.034950256347656,57424,0.0,0.0
2021-11-03 00:00:00+01:00,51.13026013584636,52.32155227661133,51.13026013584636,52.32155227661133,62551,0.0,0.0
2021-11-04 00:00:00+01:00,52.4645028467465,55.46656036376953,51.98798601137998,55.46656036376953,179532,0.0,0.0
2021-11-05 00:00:00+01:00,55.27595095812532,58.23035377925948,55.27595095812532,57.4202766418457,240459,0.0,0.0
2021-11-08 00:00:00+01:00,57.70619523224062,60.374689115970426,57.56324234512416,59.37400436401367,175947,0.0,0.0
2021-11-09 00:00:00+01:00,59.37399878538555,60.32703248542556,58.42096508534554,60.13642501831055,141613,0.0,0.0
2021-11-10 00:00:00+01:00,59.89816691437714,60.04112342436346,58.039754097765375,58.945133209228516,147656,0.0,0.0
2021-11-11 00:00:00+01:00,58.94513074904161,60.04112091843333,58.3733120040324,59.85051345825195,98990,0.0,0.0
2021-11-12 00:00:00+01:00,59.99347292042926,60.89885567428221,59.80286545084942,60.46998977661133,59901,0.0,0.0
2021-11-15 00:00:00+01:00,60.517640936483225,60.517640936483225,59.373999750734,59.75521469116211,87240,0.0,0.0
2021-11-16 00:00:00+01:00,59.659909205516,60.04112414637369,59.135741388488015,59.5169563293457,94805,0.0,0.0
2021-11-17 00:00:00+01:00,59.7552126264478,59.898165497517574,58.4686149736099,58.9927864074707,91450,0.0,0.0
2021-11-18 00:00:00+01:00,58.992787802914,59.56460657178915,58.51627095033969,58.945133209228516,54303,0.0,0.0
2021-11-19 00:00:00+01:00,59.326348612941764,59.326348612941764,57.08672084241021,57.27732467651367,75473,0.0,0.0
2021-11-22 00:00:00+01:00,57.18202517230826,58.51627388054288,57.18202517230826,57.324981689453125,99536,0.0,0.0
2021-11-23 00:00:00+01:00,57.61088762891339,57.61088762891339,55.657169279945904,55.89542770385742,78449,0.0,0.0
2021-11-24 00:00:00+01:00,55.3712540197284,56.08602926250734,54.6088278212045,55.13299560546875,77453,0.0,0.0
2021-11-25 00:00:00+01:00,55.18065165399486,55.84777232311172,54.751785769894745,55.56186294555664,43679,0.0,0.0
2021-11-26 00:00:00+01:00,53.7034417702013,54.46587155670414,52.75040817260742,52.75040817260742,96543,0.0,0.0
2021-11-29 00:00:00+01:00,53.6558007035667,54.179968551714886,53.22693477852352,53.75110626220703,62222,0.0,0.0
2021-11-30 00:00:00+01:00,53.70344798398821,54.03701196306207,52.41685393258427,53.27458572387695,47224,0.0,0.0
2021-12-01 00:00:00+01:00,53.46519002140631,54.17996530851353,52.607461858198704,54.08466339111328,82763,0.0,0.0
2021-12-02 00:00:00+01:00,53.84640530423001,54.322922165329395,52.89337158203125,52.89337158203125,49119,0.0,0.0
2021-12-03 00:00:00+01:00,53.32223892211914,53.89405771664513,52.98867492903296,53.32223892211914,38688,0.0,0.0
2021-12-06 00:00:00+01:00,53.75110231949997,54.275270129199825,53.27458546785737,54.22761917114258,48505,0.0,0.0
2021-12-07 00:00:00+01:00,54.75178505580871,55.990728099412124,54.2752682209201,55.70481872558594,69776,0.0,0.0
2021-12-08 00:00:00+01:00,55.51420999828138,55.6571664997012,54.13231048151762,54.32291793823242,63121,0.0,0.0
2021-12-09 00:00:00+01:00,54.32292108725708,55.037696364720986,54.17996457755027,54.22761917114258,37455,0.0,0.0
2021-12-10 00:00:00+01:00,53.703444090321696,54.22761550007154,53.46518568062988,53.512840270996094,37098,0.0,0.0
2021-12-13 00:00:00+01:00,52.89337006985725,54.03701123090712,52.41685322238106,52.702762603759766,33916,0.0,0.0
2021-12-14 00:00:00+01:00,52.7027692036418,52.941027657216615,51.225567518585045,51.32086944580078,95019,0.0,0.0
2021-12-15 00:00:00+01:00,52.79806849266524,55.037696235930646,52.702762941238696,54.70413589477539,128825,0.0,0.0
2021-12-16 00:00:00+01:00,56.03838102606345,57.22967315516996,54.08466266143577,54.22761917114258,162248,0.0,0.0
2021-12-17 00:00:00+01:00,54.22761702273492,54.94239227188063,52.27389509997539,52.988670349121094,69798,0.0,0.0
2021-12-20 00:00:00+01:00,52.035637515445195,53.131627702536626,51.606775267529834,53.08397674560547,76460,0.0,0.0
2021-12-21 00:00:00+01:00,54.0846651933322,54.0846651933322,52.65511457148201,53.32223892211914,32997,0.0,0.0
2021-12-22 00:00:00+01:00,53.65579676785042,54.22761917114258,53.17927991620781,54.22761917114258,36289,0.0,0.0
2021-12-23 00:00:00+01:00,54.22761759801259,54.70413443583156,53.608144254633956,54.2752685546875,28796,0.0,0.0
2021-12-27 00:00:00+01:00,54.275266737571485,55.704817203167565,54.22761578249191,55.51420974731445,32643,0.0,0.0
2021-12-28 00:00:00+01:00,55.08534669996966,56.753155661862124,55.08534669996966,56.61020278930664,40601,0.0,0.0
2021-12-29 00:00:00+01:00,56.800807689678486,57.9444488693471,56.65785481442934,57.753841400146484,85559,0.0,0.0
2021-12-30 00:00:00+01:00,57.75383843445972,58.37331176866771,57.467929063107924,57.849143981933594,53234,0.0,0.0
2022-01-03 00:00:00+01:00,58.135058039575476,60.56529334527036,58.135058039575476,60.18408203125,112767,0.0,0.0
2022-01-04 00:00:00+01:00,60.37468046673478,60.660593471078776,59.707559818025125,60.231727600097656,69935,0.0,0.0
2022-01-05 00:00:00+01:00,60.2317297809948,60.6129410746984,59.61225642986581,60.51763916015625,69556,0.0,0.0
2022-01-06 00:00:00+01:00,59.56460414023035,60.85119813544536,59.27869476746422,59.61225509643555,110929,0.0,0.0
2022-01-07 00:00:00+01:00,59.516953577636414,59.755211995773045,57.658537189063736,57.9444465637207,50759,0.0,0.0
2022-01-10 00:00:00+01:00,58.27801118303929,58.27801118303929,55.323604583740234,55.323604583740234,99233,0.0,0.0
2022-01-11 00:00:00+01:00,57.94445203470854,59.99347607836186,57.18202575179171,57.65854263305664,203496,0.0,0.0
2022-01-12 00:00:00+01:00,58.611575091814494,58.611575091814494,54.41822517574701,54.51353073120117,160505,0.0,0.0
2022-01-13 00:00:00+01:00,55.275951794215615,55.41890829617322,52.7980657542061,53.3698844909668,92015,0.0,0.0
2022-01-14 00:00:00+01:00,52.845713906287,52.845713906287,51.46381445763253,51.55911636352539,129293,0.0,0.0
2022-01-17 00:00:00+01:00,51.8450328589159,53.13162685316421,51.273210478278386,52.988670349121094,55636,0.0,0.0
2022-01-18 00:00:00+01:00,52.65511128062178,52.65511128062178,51.13025883349651,51.416168212890625,105480,0.0,0.0
2022-01-19 00:00:00+01:00,51.606776096794896,53.32223602262686,51.41616863047244,52.46450424194336,103047,0.0,0.0
2022-01-20 00:00:00+01:00,53.08397926335578,53.08397926335578,51.27321372980828,52.17859649658203,73476,0.0,0.0
2022-01-21 00:00:00+01:00,51.46382597215986,52.083299405668576,50.74905061143542,51.32086944580078,44213,0.0,0.0
2022-01-24 00:00:00+01:00,50.9873050525428,51.17791252750982,49.03358661408512,49.79601287841797,84600,0.0,0.0
2022-01-25 00:00:00+01:00,50.844343853186885,51.08260226606131,49.46244796694315,50.177223205566406,70062,0.0,0.0
2022-01-26 00:00:00+01:00,50.8443443163336,52.321549398038904,50.60608590128886,51.22555923461914,70856,0.0,0.0
2022-01-27 00:00:00+01:00,50.79669840826254,50.79669840826254,49.271845854660675,49.414798736572266,81379,0.0,0.0
2022-01-28 00:00:00+01:00,49.98662072880646,50.46313760203524,47.365777926048146,48.60472106933594,143293,0.0,0.0
2022-01-31 00:00:00+01:00,49.46244827778313,49.74835764792221,48.414109073226626,48.74767303466797,91006,0.0,0.0
2022-02-01 00:00:00+01:00,49.08123607618322,53.22693126141379,49.03358511777938,52.79806900024414,232164,0.0,0.0
2022-02-02 00:00:00+01:00,53.13162818735889,53.13162818735889,51.17790985107422,51.17790985107422,78328,0.0,0.0
2022-02-03 00:00:00+01:00,51.17790699218933,51.606772855595864,49.17653417480377,49.843658447265625,90029,0.0,0.0
2022-02-04 00:00:00+01:00,50.320172961509144,50.558431359656,49.7007033076481,50.034263610839844,37463,0.0,0.0
2022-02-07 00:00:00+01:00,50.510783529376646,50.510783529376646,49.605400833346884,50.177223205566406,29135,0.0,0.0
2022-02-08 00:00:00+01:00,50.463134765625,51.17791003529239,49.74835949595761,50.463134765625,63459,0.0,0.0
2022-02-09 00:00:00+01:00,51.27321765105662,51.8926910745237,49.79601598994523,51.702083587646484,52478,0.0,0.0
2022-02-10 00:00:00+01:00,51.89268572916398,52.130944154334124,50.510786136070145,51.511470794677734,67457,0.0,0.0
2022-02-11 00:00:00+01:00,50.60608942847687,51.082606291779044,49.70071029663086,49.70071029663086,32154,0.0,0.0
2022-02-14 00:00:00+01:00,48.70002127857,49.31949464621476,47.594502316945814,49.12888717651367,62061,0.0,0.0
2022-02-15 00:00:00+01:00,48.7476754264197,50.939652219079505,48.7476754264197,50.796695709228516,40581,0.0,0.0
2022-02-16 00:00:00+01:00,51.2255587679999,51.46381718087432,49.93896479269199,50.177223205566406,27733,0.0,0.0
2022-02-17 00:00:00+01:00,50.17722768261168,51.74973116656798,50.17722768261168,50.27252960205078,33964,0.0,0.0
2022-02-18 00:00:00+01:00,50.129573822021484,50.98730565168447,49.46245310510053,50.129573822021484,41794,0.0,0.0
2022-02-21 00:00:00+01:00,50.27252835918509,50.41548487034468,48.747675872646596,49.12888717651367,33464,0.0,0.0
2022-02-22 00:00:00+01:00,47.59450167175005,49.51010144475202,45.49783044006608,49.03358459472656,48482,0.0,0.0
2022-02-23 00:00:00+01:00,49.31949239564173,50.367827977856855,48.93827747363536,49.081233978271484,46998,0.0,0.0
2022-02-24 00:00:00+01:00,46.793951447965725,47.985243527960115,45.65031395959904,46.20307159423828,98149,0.0,0.0
2022-02-25 00:00:00+01:00,47.00362750615954,49.31949996948242,46.88926446620923,49.31949996948242,79209,0.0,0.0
2022-02-28 00:00:00+01:00,47.93759536743164,48.65237065711164,46.77489670171606,47.93759536743164,185743,0.0,0.0
2022-03-01 00:00:00+01:00,48.36645752655253,48.36645752655253,44.43042755126953,44.43042755126953,77331,0.0,0.0
2022-03-02 00:00:00+01:00,44.35419131259258,46.41274405394682,43.91579666293733,45.80280303955078,232213,0.0,0.0
2022-03-03 00:00:00+01:00,45.38346032528768,47.022679328019755,45.19285287267364,45.28815841674805,99985,0.0,0.0
2022-03-04 00:00:00+01:00,44.601973536284596,44.65915686336353,41.53320769374483,41.55226516723633,87476,0.0,0.0
2022-03-07 00:00:00+01:00,39.5508979004164,42.047845135456754,37.35892115352442,40.713600158691406,230042,0.0,0.0
2022-03-08 00:00:00+01:00,40.2752005806907,43.07712184756928,39.951168993212725,39.97023010253906,122667,0.0,0.0
2022-03-09 00:00:00+01:00,41.55226810017604,42.31469797290483,40.86608630446923,42.009727478027344,105267,0.0,0.0
2022-03-10 00:00:00+01:00,42.867455490046254,43.74424838657619,40.88514727988585,41.60945129394531,89737,0.0,0.0
2022-03-11 00:00:00+01:00,44.67822145755997,46.60334999297121,43.28678947437773,44.73540115356445,196936,0.0,0.0
2022-03-14 00:00:00+01:00,45.70749552663349,45.74561774728464,44.3923116339843,44.96413040161133,103762,0.0,0.0
2022-03-15 00:00:00+01:00,44.79258680835213,46.54616907563243,44.56385710586544,46.222137451171875,104526,0.0,0.0
2022-03-16 00:00:00+01:00,47.55638686618616,49.9866222673462,47.46108130728585,48.79533004760742,119675,0.0,0.0
2022-03-17 00:00:00+01:00,49.84365929718187,50.55843453653592,49.36714247094584,49.93896484375,89551,0.0,0.0
2022-03-18 00:00:00+01:00,50.08191500897806,51.702072857899346,50.08191500897806,51.55911636352539,128332,0.0,0.0
2022-03-21 00:00:00+01:00,51.46381923080502,52.226245455265506,51.034953343441316,51.17790985107422,74602,0.0,0.0
2022-03-22 00:00:00+01:00,50.939658183509714,52.17860141698865,49.176543442892914,49.31949996948242,89656,0.0,0.0
2022-03-23 00:00:00+01:00,49.938969768590624,49.98662072880646,48.41411359293738,48.60472106933594,49864,0.0,0.0
2022-03-24 00:00:00+01:00,48.93827984044566,49.46245129243874,48.60471949420925,48.65237045288086,40274,0.0,0.0
2022-03-25 00:00:00+01:00,48.747672778159924,50.51078358101929,48.652367231591796,49.93896484375,55327,0.0,0.0
2022-03-28 00:00:00+02:00,50.129577258728325,50.27253378531783,49.31949996948242,49.31949996948242,43271,0.0,0.0
2022-03-29 00:00:00+02:00,49.986618327802844,52.035638602945035,49.65305435124361,51.511470794677734,60554,0.0,0.0
2022-03-30 00:00:00+02:00,51.41617045174806,51.654428884207,50.65374419498645,51.46382141113281,37376,0.0,0.0
2022-03-31 00:00:00+02:00,51.463822372747515,52.17859768348012,50.6060905456543,50.6060905456543,80732,0.0,0.0
2022-04-01 00:00:00+02:00,50.55843448484456,50.55843448484456,49.51009892241107,50.177223205566406,44149,0.0,0.0
2022-04-04 00:00:00+02:00,50.17722674873498,51.273213344027376,49.367145906438736,51.1302604675293,35491,0.0,0.0
2022-04-05 00:00:00+02:00,51.13025889370825,51.559121145536956,50.79669492107647,51.17790985107422,48342,0.0,0.0
2022-04-06 00:00:00+02:00,50.79669460835385,51.03495302925189,48.128201021402866,48.93827819824219,63727,0.0,0.0
2022-04-07 00:00:00+02:00,49.03358698234889,49.89131517283956,48.50941914890427,48.60472106933594,53374,0.0,0.0
2022-04-08 00:00:00+02:00,49.46245310510053,50.36783225964618,48.890630673480125,50.129573822021484,58823,0.0,0.0
2022-04-11 00:00:00+02:00,50.12956956048661,50.12956956048661,48.31880776979367,49.081233978271484,50387,0.0,0.0
2022-04-12 00:00:00+02:00,48.366463646840394,50.27253117972081,48.318812685625446,50.22488021850586,55353,0.0,0.0
2022-04-13 00:00:00+02:00,50.2248754989289,50.9396507565924,49.17653627303479,50.367828369140625,47303,0.0,0.0
2022-04-14 00:00:00+02:00,51.46381867020014,52.70276172589426,49.605402268891474,49.89131164550781,83132,0.0,0.0
2022-04-19 00:00:00+02:00,49.74835844543846,49.74835844543846,47.84229109990852,48.366458892822266,76689,0.0,0.0
2022-04-20 00:00:00+02:00,49.22419481778288,49.8436645761775,48.41411394606418,49.65305709838867,36492,0.0,0.0
2022-04-21 00:00:00+02:00,49.74836365754713,50.22488054385403,49.12889025113404,49.271846771240234,34644,0.0,0.0
2022-04-22 00:00:00+02:00,48.271162445400265,48.55707185249568,47.4420204386276,48.0805549621582,48431,0.0,0.0
2022-04-25 00:00:00+02:00,47.11798729732545,47.746989426985714,46.05059051513672,46.05059051513672,55941,0.0,0.0
2022-04-26 00:00:00+02:00,46.946442102357565,46.946442102357565,44.601979891108066,44.71634292602539,63423,0.0,0.0
2022-04-27 00:00:00+02:00,45.13567582314356,45.593131554867114,43.83954943215934,44.945068359375,69822,0.0,0.0
2022-04-28 00:00:00+02:00,45.09755268942489,46.67958842623604,45.09755268942489,46.20307159423828,49534,0.0,0.0
2022-04-29 00:00:00+02:00,47.003621165722656,47.88994278573427,46.241194943007024,46.94643783569336,46605,0.0,0.0
2022-05-02 00:00:00+02:00,46.37461430949689,47.61355724846875,45.80279561013592,47.00361633300781,60671,0.0,0.0
2022-05-03 00:00:00+02:00,47.6326236491449,47.6326236491449,45.974347055420424,46.393680572509766,55936,0.0,0.0
2022-05-04 00:00:00+02:00,47.27046926735088,47.27046926735088,45.6884334974941,45.821861267089844,48947,0.0,0.0
2022-05-05 00:00:00+02:00,47.15610562968599,47.17516673938023,44.31606572487234,44.37324905395508,98439,0.0,0.0
2022-05-06 00:00:00+02:00,44.25888334088809,44.79258351711871,42.79121421844018,43.1152458190918,41430,0.0,0.0
2022-05-09 00:00:00+02:00,42.54342305345036,43.32491038314546,41.11387252807617,41.11387252807617,58297,0.0,0.0
2022-05-10 00:00:00+02:00,41.91442223546061,42.905578168893854,41.55226840679556,42.25751495361328,73971,0.0,0.0
2022-05-11 00:00:00+02:00,43.05806286183301,44.79258390519123,42.028784720656894,44.5638542175293,59010,0.0,0.0
2022-05-12 00:00:00+02:00,43.13430510418985,43.55364227294922,42.2765769268401,43.55364227294922,72080,0.0,0.0
2022-05-13 00:00:00+02:00,43.83955379502257,45.078496979513965,43.66800742411226,45.040374755859375,34098,0.0,0.0
2022-05-16 00:00:00+02:00,44.44949246479703,45.7837411373875,44.44949246479703,45.30722427368164,28135,0.0,0.0
2022-05-17 00:00:00+02:00,45.650321036890084,46.52711039864019,45.45971354743361,46.43180847167969,50025,0.0,0.0
2022-05-18 00:00:00+02:00,46.27932015554252,46.77489814123653,44.906949230379055,45.25004196166992,25974,0.0,0.0
2022-05-19 00:00:00+02:00,44.69728538819268,44.69728538819268,43.22961250589177,43.591766357421875,35296,0.0,0.0
2022-05-20 00:00:00+02:00,43.64894375328791,43.83955122485081,42.65778780958894,42.90557861328125,35823,0.0,0.0
2022-05-23 00:00:00+02:00,43.636704412307346,43.809866229004676,42.713177169768926,43.55974197387695,27475,0.42,0.0
2022-05-24 00:00:00+02:00,43.02101778150161,43.3673414003864,41.78964450660338,41.84736633300781,34400,0.0,0.0
2022-05-25 00:00:00+02:00,42.63621944571724,42.63621944571724,40.423600472984084,41.50104904174805,63512,0.0,0.0
2022-05-26 00:00:00+02:00,41.693443811147496,42.84785461425781,41.53952261538417,42.84785461425781,51931,0.0,0.0
2022-05-27 00:00:00+02:00,43.194180190124115,44.42554981233274,43.155698971987356,44.25238800048828,51227,0.0,0.0
2022-05-30 00:00:00+02:00,45.0412360157091,46.272605675980664,44.88731480817516,45.84932327270508,36632,0.0,0.0
2022-05-31 00:00:00+02:00,45.637677781664365,45.9262832413182,44.521748169618206,44.84883117675781,53990,0.0,0.0
2022-06-01 00:00:00+02:00,45.31059842588096,45.69540328991502,44.040747512248174,44.945037841796875,32722,0.0,0.0
2022-06-02 00:00:00+02:00,45.40679714240936,45.86856073330929,44.887311726482885,45.34907531738281,11518,0.0,0.0
2022-06-03 00:00:00+02:00,46.08020853983922,46.08020853983922,44.925797607840785,45.06047821044922,22252,0.0,0.0
2022-06-06 00:00:00+02:00,45.84932080680495,45.96476078880397,44.8295905681295,44.84883117675781,27470,0.0,0.0
2022-06-07 00:00:00+02:00,44.65643126248532,44.94503673831063,44.09846826008325,44.81035614013672,41005,0.0,0.0
2022-06-08 00:00:00+02:00,45.34907891659925,45.34907891659925,43.90606620434545,44.92579650878906,38012,0.0,0.0
2022-06-09 00:00:00+02:00,44.194665938239424,44.98351255699281,43.6367029573077,43.829105377197266,66639,0.0,0.0
2022-06-10 00:00:00+02:00,43.48278291509555,44.34858832303442,42.13596960971816,42.40533447265625,33548,0.0,0.0
2022-06-13 00:00:00+02:00,41.69344852237171,42.40533642682484,40.481319427490234,40.481319427490234,55706,0.0,0.0
2022-06-14 00:00:00+02:00,41.000801000640024,41.000801000640024,38.48033977304172,38.49958038330078,78106,0.0,0.0
2022-06-15 00:00:00+02:00,39.46159035378188,40.07727522601832,38.691984263486326,39.788673400878906,87509,0.0,0.0
2022-06-16 00:00:00+02:00,39.44234938998564,39.55778938505452,38.499581479085364,38.63426208496094,42538,0.0,0.0
2022-06-17 00:00:00+02:00,38.80742155668005,40.019550605750254,38.80742155668005,39.19222640991211,44561,0.0,0.0
2022-06-20 00:00:00+02:00,39.21146574614529,39.942594278014106,39.21146574614529,39.365386962890625,19190,0.0,0.0
2022-06-21 00:00:00+02:00,39.82715241662398,40.34663420518988,39.36538511825479,39.519309997558594,24950,0.0,0.0
2022-06-22 00:00:00+02:00,39.03830862963218,40.21195656245609,37.65301397220264,39.80791473388672,48890,0.0,0.0
2022-06-23 00:00:00+02:00,39.7694302970348,40.55827694886192,39.24994484248394,40.34663391113281,90741,0.0,0.0
2022-06-24 00:00:00+02:00,41.0392821444069,42.23217428983957,39.846389998974225,41.828128814697266,82280,0.0,0.0
2022-06-27 00:00:00+02:00,41.09700468693847,42.520776840167635,40.98156102360034,41.327884674072266,34712,0.0,0.0
2022-06-28 00:00:00+02:00,41.46256419658485,42.40533574039652,41.38560542613824,42.232173919677734,38985,0.0,0.0
2022-06-29 00:00:00+02:00,41.712684553565005,43.04025716490236,40.67371372649122,42.54001235961914,37066,0.0,0.0
2022-06-30 00:00:00+02:00,42.13596881734137,42.905574833182534,40.65447494324029,41.34712219238281,29894,0.0,0.0
2022-07-01 00:00:00+02:00,42.03977216941533,42.03977216941533,40.23119516250487,40.481319427490234,51592,0.0,0.0
2022-07-04 00:00:00+02:00,41.00080143378533,41.943569327812,40.25043597461069,41.42408752441406,32134,0.0,0.0
2022-07-05 00:00:00+02:00,40.96232367732389,41.67420791200582,39.82715335413477,40.481319427490234,34029,0.0,0.0
2022-07-06 00:00:00+02:00,41.19320195571928,42.63621464544258,40.4428365313899,42.30913162231445,42640,0.0,0.0
2022-07-07 00:00:00+02:00,43.040258758443876,43.98302657915473,43.040258758443876,43.829105377197266,61996,0.0,0.0
2022-07-08 00:00:00+02:00,44.15619495682011,45.04124108225352,43.963792508317184,44.42555618286133,52251,0.0,0.0
2022-07-11 00:00:00+02:00,43.09798299911076,43.79063034057617,42.09749321027661,43.79063034057617,39373,0.0,0.0
2022-07-12 00:00:00+02:00,43.67518692816409,45.291361485473296,42.96329903063241,44.945037841796875,81265,0.0,0.0
2022-07-13 00:00:00+02:00,48.00422365601851,48.43712452750928,44.57947221486743,45.63768005371094,120118,0.0,0.0
2022-07-14 00:00:00+02:00,45.50299792566718,46.09944212369084,44.444790122421566,44.868072509765625,34615,0.0,0.0
2022-07-15 00:00:00+02:00,45.11819970313694,45.88780576210771,44.00227000018653,45.67616271972656,45843,0.0,0.0
2022-07-18 00:00:00+02:00,46.65741221220311,47.15765707217041,45.887806146780804,46.83057403564453,49086,0.0,0.0
2022-07-19 00:00:00+02:00,47.08069043584733,48.5333251953125,46.50348685565231,48.5333251953125,56005,0.0,0.0
2022-07-20 00:00:00+02:00,48.581425879691785,49.88013579668606,48.581425879691785,49.49533462524414,100100,0.0,0.0
2022-07-21 00:00:00+02:00,48.62952738105872,50.457344940332625,48.14852314648886,50.16874313354492,85351,0.0,0.0
2022-07-22 00:00:00+02:00,50.024442954377456,51.178853910355805,49.73584113282568,50.55354690551758,41705,0.0,0.0
2022-07-25 00:00:00+02:00,50.31303941749577,51.27504783339348,50.16874035697364,51.082645416259766,39189,0.0,0.0
2022-07-26 00:00:00+02:00,51.275054212288076,51.563656039006844,50.02444384999252,50.26494598388672,37292,0.0,0.0
2022-07-27 00:00:00+02:00,50.64974903447062,51.178852975950555,49.83203960693691,50.89025115966797,32669,0.0,0.0
2022-07-28 00:00:00+02:00,51.27505399254583,53.10287167021703,51.08265155230076,52.862369537353516,63626,0.0,0.0
2022-07-29 00:00:00+02:00,53.19906677023842,54.64207945118397,53.150967081494436,54.30537796020508,83013,0.0,0.0
2022-08-01 00:00:00+02:00,54.016778889520985,55.31548890013747,53.77627676386821,54.64208221435547,50518,0.0,0.0
2022-08-02 00:00:00+02:00,54.161072305736774,54.353474720116125,53.39146631799018,53.96866989135742,28637,0.0,0.0
2022-08-03 00:00:00+02:00,53.63196890442492,55.3154836233979,53.63196890442492,55.12308120727539,58009,0.0,0.0
2022-08-04 00:00:00+02:00,54.73828329508871,55.555989024950115,54.5458808675416,55.315486907958984,38151,0.0,0.0
2022-08-05 00:00:00+02:00,55.315491875480895,55.70029676513193,53.39147476676852,53.680076599121094,58042,0.0,0.0
2022-08-08 00:00:00+02:00,53.92057330658002,54.6420796496737,53.58387181437805,54.20917510986328,47219,0.0,0.0
2022-08-09 00:00:00+02:00,53.776273947818474,54.401577239908306,52.76616213715541,53.05476760864258,27506,0.0,0.0
2022-08-10 00:00:00+02:00,52.7661646974225,53.920575630071305,52.09276168400095,53.439571380615234,58749,0.0,0.0
2022-08-11 00:00:00+02:00,53.68007065991057,55.07498364334692,53.39146885948915,54.40157699584961,45752,0.0,0.0
2022-08-12 00:00:00+02:00,54.54587953445988,54.786381645573215,53.96867226592527,54.497779846191406,32327,0.0,0.0
2022-08-16 00:00:00+02:00,54.83448062529389,55.026883045652625,54.209173676570764,54.73828125,27469,0.0,0.0
2022-08-17 00:00:00+02:00,54.834480650257944,55.41168424182597,54.642078229811624,54.69017791748047,43195,0.0,0.0
2022-08-18 00:00:00+02:00,54.69017906561199,55.94079298988222,54.69017906561199,55.604087829589844,36992,0.0,0.0
2022-08-19 00:00:00+02:00,55.55599047008314,55.79649259333025,54.593981977094685,54.8344841003418,41668,0.0,0.0
2022-08-22 00:00:00+02:00,54.54587997565189,55.1230835790842,52.76616213715541,53.05476760864258,40294,0.0,0.0
2022-08-23 00:00:00+02:00,52.42946601063885,53.872478836619734,52.09276448581853,53.77627944946289,33994,0.0,0.0
2022-08-24 00:00:00+02:00,53.48766823637262,54.44967668429135,52.669962523550105,54.40157699584961,18311,0.0,0.0
2022-08-25 00:00:00+02:00,54.59397996075499,54.59397996075499,53.4395690778509,54.20917510986328,14778,0.0,0.0
2022-08-26 00:00:00+02:00,54.83447983258208,54.83447983258208,52.23705636971612,52.3813591003418,29644,0.0,0.0
2022-08-29 00:00:00+02:00,51.65985418170158,52.38136051477068,51.46745175892896,51.90035629272461,31104,0.0,0.0
2022-08-30 00:00:00+02:00,51.948456151719355,55.07498360529505,51.323149193095816,51.852256774902344,35420,0.0,0.0
2022-08-31 00:00:00+02:00,52.52566190832402,53.24716827338216,48.10042433720923,49.83203887939453,196581,0.0,0.0
2022-09-01 00:00:00+02:00,49.15863037109375,50.024439444777144,48.004223165877235,49.15863037109375,67863,0.0,0.0
2022-09-02 00:00:00+02:00,49.88013608413744,50.697845458984375,49.158629755033594,50.697845458984375,58193,0.0,0.0
2022-09-05 00:00:00+02:00,49.20673823414295,50.50544829378898,48.918132736647074,50.21684646606445,26177,0.0,0.0
2022-09-06 00:00:00+02:00,49.88014148000465,50.745950636498,49.49534026471867,50.120643615722656,24111,0.0,0.0
2022-09-07 00:00:00+02:00,49.49533737694253,50.21684374200066,49.158632204719375,49.83203887939453,23669,0.0,0.0
2022-09-08 00:00:00+02:00,50.16874244944644,50.64974667745735,49.062431257112934,50.361141204833984,26690,0.0,0.0
2022-09-09 00:00:00+02:00,50.697844949941846,51.08264611973764,50.216840735368905,50.84214401245117,29793,0.0,0.0
2022-09-12 00:00:00+02:00,50.98645289599092,51.5636565552068,50.60164800999942,51.37125778198242,26485,0.0,0.0
2022-09-13 00:00:00+02:00,51.419351443570974,52.18895745550441,50.601642074202815,50.794044494628906,46040,0.0,0.0
2022-09-14 00:00:00+02:00,50.40924673781001,51.03455005933348,50.07254156181627,50.938350677490234,22445,0.0,0.0
2022-09-15 00:00:00+02:00,51.17885500499377,51.419357139726095,49.88014127557639,50.21684646606445,27415,0.0,0.0
2022-09-16 00:00:00+02:00,49.302931560765586,49.54343366594005,48.10042103489325,48.38902282714844,43083,0.0,0.0
2022-09-19 00:00:00+02:00,48.29282408366761,49.59153400066189,47.484736852937345,49.49533462524414,29004,0.0,0.0
2022-09-20 00:00:00+02:00,49.54343741111184,50.21684409045982,49.35103497847368,49.73583984375,21178,0.0,0.0
2022-09-21 00:00:00+02:00,49.68773889897506,50.16874313354492,48.870029498343655,50.16874313354492,33658,0.0,0.0
2022-09-22 00:00:00+02:00,48.87003049062579,49.543437166651,47.234615325927734,47.234615325927734,71848,0.0,0.0
2022-09-23 00:00:00+02:00,47.619422587942566,47.619422587942566,44.77187819878244,45.21440124511719,73831,0.0,0.0
2022-09-26 00:00:00+02:00,45.06047788002498,46.734374269613866,45.06047788002498,46.195648193359375,29165,0.0,0.0
2022-09-27 00:00:00+02:00,46.946011236702006,47.13841365906053,46.003243403893315,46.234127044677734,52770,0.0,0.0
2022-09-28 00:00:00+02:00,45.71464382210566,47.61942018930533,45.07971836637243,47.234615325927734,49091,0.0,0.0
2022-09-29 00:00:00+02:00,47.04221673257871,47.1191755036673,46.176407621762195,46.92677307128906,50064,0.0,0.0
2022-09-30 00:00:00+02:00,47.25385328547678,48.148521423339844,47.06145086458036,48.148521423339844,48850,0.0,0.0
2022-10-03 00:00:00+02:00,47.79258162790486,47.79258162790486,45.676162235828436,47.11917495727539,85043,0.0,0.0
2022-10-04 00:00:00+02:00,47.638662089881876,49.83204032914315,47.561699647213146,49.351036071777344,51521,0.0,0.0
2022-10-05 00:00:00+02:00,48.77382899792499,49.44723564479397,48.72572930952813,49.25483322143555,27609,0.0,0.0
2022-10-06 00:00:00+02:00,49.39913649269376,50.02444350440737,48.77383315075145,49.11053466796875,42830,0.0,0.0
2022-10-07 00:00:00+02:00,49.3510312478463,49.3510312478463,48.19662040905468,48.38902282714844,18627,0.0,0.0
2022-10-10 00:00:00+02:00,48.023461075134655,48.87002955652132,47.04221566484256,47.83106231689453,32268,0.0,0.0
2022-10-11 00:00:00+02:00,47.25385683083908,48.43712685393968,47.23461622032875,48.244728088378906,47487,0.0,0.0
2022-10-12 00:00:00+02:00,48.437123219799005,48.9662307947069,47.850301157232785,48.148521423339844,94149,0.0,0.0
2022-10-13 00:00:00+02:00,47.619419704615765,49.20673516267807,46.58044878593402,48.67762756347656,73185,0.0,0.0
2022-10-14 00:00:00+02:00,49.25483482513068,49.63963601460533,47.619419677992866,48.725730895996094,43869,0.0,0.0
2022-10-17 00:00:00+02:00,48.629527503374526,49.25483447779658,48.06194235836362,48.821929931640625,51092,0.0,0.0
2022-10-18 00:00:00+02:00,49.63963368837076,50.505442746214236,49.49533462524414,49.49533462524414,51828,0.0,0.0
2022-10-19 00:00:00+02:00,49.88014127557639,50.21684646606445,49.01433579240281,50.21684646606445,28508,0.0,0.0
2022-10-20 00:00:00+02:00,51.80415453198012,55.988893569488354,51.32315029799786,55.315486907958984,265588,0.0,0.0
2022-10-21 00:00:00+02:00,54.112974662612714,55.65218669621865,53.8724725530011,54.59397888183594,93693,0.0,0.0
2022-10-24 00:00:00+02:00,54.642081667789874,55.60409016077833,53.102869546916814,54.8344841003418,131201,0.0,0.0
2022-10-25 00:00:00+02:00,54.88258372844611,59.163522251316756,53.82437585527411,58.682518005371094,102517,0.0,0.0
2022-10-26 00:00:00+02:00,58.39391390292511,59.88502627295616,57.672407562287084,59.45212173461914,107064,0.0,0.0
2022-10-27 00:00:00+02:00,58.97111868500227,59.548325970900386,57.76860809326172,57.76860809326172,75293,0.0,0.0
2022-10-28 00:00:00+02:00,57.0470972844805,57.528101483624134,56.03698920023304,56.71039581298828,44198,0.0,0.0
2022-10-31 00:00:00+01:00,56.662300825569375,57.04710201493021,55.940794467025306,56.42179870605469,25892,0.0,0.0
2022-11-01 00:00:00+01:00,57.14330051930944,58.297707665339274,56.32559117613903,56.614192962646484,33672,0.0,0.0
2022-11-02 00:00:00+01:00,56.66230154740309,57.335704554805965,55.892691819334964,56.181297302246094,50582,0.0,0.0
2022-11-03 00:00:00+01:00,55.79649371350005,56.08509553323632,54.25728156172579,54.44968032836914,43036,0.0,0.0
2022-11-04 00:00:00+01:00,55.41168628684701,56.3255950653675,54.78638298453272,55.315486907958984,45291,0.0,0.0
2022-11-07 00:00:00+01:00,55.1230859142841,55.50789077938795,54.49778259570431,54.8344841003418,47959,0.0,0.0
2022-11-08 00:00:00+01:00,54.40158294942118,55.36359150261969,54.40158294942118,54.978790283203125,30108,0.0,0.0
2022-11-09 00:00:00+01:00,54.8825807929617,56.22939407748152,54.8825807929617,55.84458923339844,28783,0.0,0.0
2022-11-10 00:00:00+01:00,55.26738943733489,58.442016775115306,55.21928974595982,58.393917083740234,49454,0.0,0.0
2022-11-11 00:00:00+01:00,59.163521928828196,60.65463434917777,57.864811939762376,60.077430725097656,81380,0.0,0.0
2022-11-14 00:00:00+01:00,60.51033092491604,61.03943482055414,59.50021915078681,60.22172546386719,36126,0.0,0.0
2022-11-15 00:00:00+01:00,60.22172546386719,60.750833029276166,59.35592009003326,60.22172546386719,34615,0.0,0.0
2022-11-16 00:00:00+01:00,59.740723817625,60.12552866901511,58.05720901489258,58.05720901489258,39131,0.0,0.0
2022-11-17 00:00:00+01:00,59.25971958827288,59.25971958827288,57.86481025896856,58.05720901489258,30310,0.0,0.0
2022-11-18 00:00:00+01:00,58.44201534006935,59.30782444264549,58.2496129095223,58.87491989135742,36317,0.0,0.0
2022-11-21 00:00:00+01:00,58.68251595446566,58.68251595446566,57.864810232844626,58.10531234741211,24567,0.0,0.0
2022-11-22 00:00:00+01:00,58.393916737205515,58.87492098764416,57.91291248676687,58.490116119384766,25604,0.0,0.0
2022-11-23 00:00:00+01:00,58.682517460810374,59.35592413283947,57.23950473636422,58.87491989135742,40785,0.0,0.0
2022-11-24 00:00:00+01:00,58.586319136150095,58.82682126122498,57.239505767822266,57.239505767822266,34715,0.0,0.0
2022-11-25 00:00:00+01:00,57.14330512805157,58.057210247405315,56.80659995849445,57.67240905761719,21980,0.0,0.0
2022-11-28 00:00:00+01:00,57.09520053041186,58.34581446197959,56.99900115249328,58.10531234741211,22870,0.0,0.0
2022-11-29 00:00:00+01:00,58.24960896801987,59.98122338623008,58.24960896801987,58.92301559448242,45534,0.0,0.0
2022-11-30 00:00:00+01:00,59.45212249980764,60.75083613153401,58.971118266524776,60.51033401489258,85201,0.0,0.0
2022-12-01 00:00:00+01:00,61.08753275896735,63.44445037841797,60.26982709545641,63.44445037841797,96039,0.0,0.0
2022-12-02 00:00:00+01:00,63.155858110811444,63.925460490244106,61.32804053290276,61.520442962646484,72911,0.0,0.0
2022-12-05 00:00:00+01:00,62.72294758113073,63.252055160878825,61.472341008291004,62.241943359375,84406,0.0,0.0
2022-12-06 00:00:00+01:00,61.809043626936656,62.771052088056294,60.60653305053711,60.60653305053711,85722,0.0,0.0
2022-12-07 00:00:00+01:00,61.90524422616914,67.19629086668859,60.70273362605108,66.57098388671875,211382,0.0,0.0
2022-12-08 00:00:00+01:00,66.37858650834787,66.81148739758535,65.46468136904988,66.18618774414062,54977,0.0,0.0
2022-12-09 00:00:00+01:00,66.85958933916332,67.24439419895185,65.75327811959966,66.61908721923828,56450,0.0,0.0
2022-12-12 00:00:00+01:00,65.80137971418024,67.82159599944684,65.22417610975293,67.24439239501953,64095,0.0,0.0
2022-12-13 00:00:00+01:00,67.14819561055482,70.4671219688331,66.71528738586048,68.92790985107422,115053,0.0,0.0
2022-12-14 00:00:00+01:00,68.44690387547915,69.7937171968043,67.62919814667029,69.4570083618164,74098,0.0,0.0
2022-12-15 00:00:00+01:00,69.02410844677648,69.6013120669247,65.89758088646953,66.57098388671875,75113,0.0,0.0
2022-12-16 00:00:00+01:00,66.7633881680731,67.48489450849274,65.84947573314966,67.24439239501953,47405,0.0,0.0
2022-12-19 00:00:00+01:00,67.0519838663552,68.20639837284362,66.61908301363565,68.06209564208984,31239,0.0,0.0
2022-12-20 00:00:00+01:00,67.5810971334991,67.72539987642573,65.94568561911038,66.18618774414062,39425,0.0,0.0
2022-12-21 00:00:00+01:00,67.43679114998129,68.25449686788181,67.05198630051574,67.24439239501953,53563,0.0,0.0
2022-12-22 00:00:00+01:00,67.14819199787287,67.77349161177425,66.52288504442959,67.53298950195312,43441,0.0,0.0
2022-12-23 00:00:00+01:00,67.67728627417988,67.67728627417988,66.81147728718308,67.0038833618164,18248,0.0,0.0
2022-12-27 00:00:00+01:00,67.5329898428142,68.54310164497804,67.10008897876797,67.4367904663086,56671,0.0,0.0
2022-12-28 00:00:00+01:00,67.86970193931505,67.96590132045478,65.89758159801023,66.33048248291016,74120,0.0,0.0
2022-12-29 00:00:00+01:00,66.33047757577361,68.01399230957031,65.89757672289973,68.01399230957031,49164,0.0,0.0
2022-12-30 00:00:00+01:00,67.91779757869323,68.15829969996307,66.42668883054561,66.47478485107422,34818,0.0,0.0
2023-01-02 00:00:00+01:00,66.8114840434628,67.14819287323533,64.64696502685547,64.64696502685547,108338,0.0,0.0
2023-01-03 00:00:00+01:00,64.93557204453366,67.10009111268478,64.93557204453366,66.71528625488281,88807,0.0,0.0
2023-01-04 00:00:00+01:00,66.95578692303486,67.48489450849274,66.08997784662287,67.24439239501953,48692,0.0,0.0
2023-01-05 00:00:00+01:00,67.14820025318926,67.96590605920284,66.66719597441151,67.38870239257812,67254,0.0,0.0
2023-01-06 00:00:00+01:00,67.86970667135586,67.96590605920284,66.90769811380038,67.38870239257812,70152,0.0,0.0
2023-01-09 00:00:00+01:00,67.91779836836365,69.60131323682648,67.62920022320972,68.78360748291016,101372,0.0,0.0
2023-01-10 00:00:00+01:00,71.18862229796298,71.18862229796298,65.60897058744109,68.2544937133789,177370,0.0,0.0
2023-01-11 00:00:00+01:00,66.66718574080465,67.43678806498714,65.60897061829847,65.65707397460938,202112,0.0,0.0
2023-01-12 00:00:00+01:00,65.94568050421563,66.90768892972108,64.93556872161817,65.27227020263672,96268,0.0,0.0
2023-01-13 00:00:00+01:00,64.93556662506155,66.5228819438047,64.93556662506155,66.04187774658203,77221,0.0,0.0
2023-01-16 00:00:00+01:00,65.89757435113854,67.05198147694772,65.89757435113854,66.2342758178711,66212,0.0,0.0
2023-01-17 00:00:00+01:00,66.47477963103273,67.38869202381699,65.7051773071289,65.7051773071289,309528,0.0,0.0
2023-01-18 00:00:00+01:00,66.57098036918296,69.16840753191818,66.28238224412918,67.77349090576172,190956,0.0,0.0
2023-01-19 00:00:00+01:00,67.43679591572061,68.68740992997868,67.10009440097191,68.1583023071289,76885,0.0,0.0
2023-01-20 00:00:00+01:00,68.39879979109953,69.84181247588873,68.20640103561114,69.74561309814453,71075,0.0,0.0
2023-01-23 00:00:00+01:00,70.41902050373595,71.1405268914363,69.12031047378385,70.80382537841797,73939,0.0,0.0
2023-01-24 00:00:00+01:00,71.18862360524162,71.81393055076359,69.55321221499199,70.51522064208984,62093,0.0,0.0
2023-01-25 00:00:00+01:00,70.65951569513315,70.80381842641309,69.64941125525718,70.61141967773438,43852,0.0,0.0
2023-01-26 00:00:00+01:00,71.14052401501984,71.76583099365234,70.94812525522933,71.76583099365234,65862,0.0,0.0
2023-01-27 00:00:00+01:00,71.76582271645641,74.89234990947497,71.38101790171508,74.699951171875,133734,0.0,0.0
2023-01-30 00:00:00+01:00,73.49745000021112,74.2670523873999,72.39113877036354,74.07465362548828,109714,0.0,0.0
2023-01-31 00:00:00+01:00,73.83415367251537,74.55566006019467,73.11264728483607,73.3531494140625,57557,0.0,0.0
2023-02-01 00:00:00+01:00,73.93035270588003,74.26705421729261,73.16075029972873,73.44934844970703,52753,0.0,0.0
2023-02-02 00:00:00+01:00,74.21895425442459,75.42146483100457,73.16074641494264,74.74805450439453,96585,0.0,0.0
2023-02-03 00:00:00+01:00,74.21896028662555,78.06699444443329,73.83415540293623,77.82649230957031,118281,0.0,0.0
2023-02-06 00:00:00+01:00,76.81637090828379,77.58598058049316,74.9404574241434,75.85436248779297,87357,0.0,0.0
2023-02-07 00:00:00+01:00,75.8543689916158,76.33537324310296,75.32526871870539,76.28727722167969,46990,0.0,0.0
2023-02-08 00:00:00+01:00,76.33537324310296,77.92268874091906,76.14297447832506,76.28727722167969,85686,0.0,0.0
2023-02-09 00:00:00+01:00,76.96067988858009,77.1530786524846,76.04677475072015,76.38347625732422,56588,0.0,0.0
2023-02-10 00:00:00+01:00,75.71005734582157,75.90246342751763,73.88224727672912,74.02654266357422,75530,0.0,0.0
2023-02-13 00:00:00+01:00,73.93035274377836,75.95056915283203,73.93035274377836,75.95056915283203,59860,0.0,0.0
2023-02-14 00:00:00+01:00,76.1429727045187,77.15307720538515,75.08476484380716,76.8644790649414,50449,0.0,0.0
2023-02-15 00:00:00+01:00,76.768275471281,79.07708982627804,76.14296852532688,78.30748748779297,87644,0.0,0.0
2023-02-16 00:00:00+01:00,78.45178363373977,78.7403817341153,77.3935685804058,77.87457275390625,46202,0.0,0.0
2023-02-17 00:00:00+01:00,77.39358007712497,78.01888706347236,76.33537220613677,76.57587432861328,62738,0.0,0.0
2023-02-20 00:00:00+01:00,76.9606802954117,76.9606802954117,75.99867179171906,76.19107055664062,31571,0.0,0.0
2023-02-21 00:00:00+01:00,76.09486832533878,77.34548226913567,75.56576807184173,77.153076171875,61655,0.0,0.0
2023-02-22 00:00:00+01:00,76.72017595451298,77.34548293176856,75.6619680989109,77.00878143310547,57199,0.0,0.0
2023-02-23 00:00:00+01:00,77.24928006944936,78.16318514455355,76.81637187107748,78.11508178710938,47834,0.0,0.0
2023-02-24 00:00:00+01:00,78.54800289295858,78.54800289295858,75.56577772991,76.43157958984375,70483,0.0,0.0
2023-02-27 00:00:00+01:00,77.29738215609257,77.48978826143347,75.90247275519764,76.0948715209961,71563,0.0,0.0
2023-02-28 00:00:00+01:00,75.99867036017444,76.91257548565076,75.37336337664429,76.67207336425781,68909,0.0,0.0
2023-03-01 00:00:00+01:00,76.96066976010259,78.16318022510418,76.72016766710226,77.24927520751953,61509,0.0,0.0
2023-03-02 00:00:00+01:00,76.86447869380922,77.34548293176856,75.46956200000184,77.00878143310547,54860,0.0,0.0
2023-03-03 00:00:00+01:00,77.15307580266963,77.82648613054627,76.57587219273402,77.29737854003906,45595,0.0,0.0
2023-03-06 00:00:00+01:00,77.9226909956868,78.35559189873467,77.39358336792372,78.01889038085938,47304,0.0,0.0
2023-03-07 00:00:00+01:00,78.0669801831296,78.0669801831296,77.1049718194177,77.4416732788086,51876,0.0,0.0
2023-03-08 00:00:00+01:00,76.76828733671957,78.21130020139819,76.76828733671957,76.8163833618164,51056,0.0,0.0
2023-03-09 00:00:00+01:00,76.57587502122871,77.10498263127965,75.61386652262146,76.38347625732422,50807,0.0,0.0
2023-03-10 00:00:00+01:00,75.71006556175087,76.47967529296875,74.69996104651254,76.47967529296875,71202,0.0,0.0
2023-03-13 00:00:00+01:00,76.43157485611158,76.43157485611158,72.48734134671479,73.01644897460938,92050,0.0,0.0
2023-03-14 00:00:00+01:00,73.01643994677887,74.12275108860949,72.82403386063257,73.49744415283203,80182,0.0,0.0
2023-03-15 00:00:00+01:00,74.98856059095515,74.98856059095515,70.9000244140625,70.9000244140625,118446,0.0,0.0
2023-03-16 00:00:00+01:00,74.0746600151062,77.20118787288665,73.11265144348144,76.96068572998047,191706,0.0,0.0
2023-03-17 00:00:00+01:00,77.05686837011518,77.6340719197202,74.02654056026216,74.84425354003906,157038,0.0,0.0
2023-03-20 00:00:00+01:00,73.93035062171334,77.63408182192518,72.72784001518079,76.72017669677734,168334,0.0,0.0
2023-03-21 00:00:00+01:00,77.29738006377805,80.4720109903176,76.7201764424642,79.3656997680664,112852,0.0,0.0
2023-03-22 00:00:00+01:00,79.70240161540389,80.13530983792818,78.64419374847053,79.26950073242188,77957,0.0,0.0
2023-03-23 00:00:00+01:00,79.07709043678241,81.09731402231444,79.07709043678241,80.6644058227539,79475,0.0,0.0
2023-03-24 00:00:00+01:00,80.80870926430276,81.62641497347363,79.94290019713398,80.42390441894531,73814,0.0,0.0
2023-03-27 00:00:00+02:00,81.48211884966474,81.53022221156529,80.37581492137784,80.8087158203125,57466,0.0,0.0
2023-03-28 00:00:00+02:00,81.28972043225475,81.28972043225475,80.08720977497288,80.71251678466797,28861,0.0,0.0
2023-03-29 00:00:00+02:00,81.00110479995342,84.17573547363281,80.95300878340777,84.17573547363281,77492,0.0,0.0
2023-03-30 00:00:00+02:00,84.65674637430939,87.061767578125,84.07954275330209,87.061767578125,144984,0.0,0.0
2023-03-31 00:00:00+02:00,87.6870717294202,91.39080279587077,87.15796414583782,87.97566986083984,165096,0.0,0.0
2023-04-03 00:00:00+02:00,88.21617554822534,88.26427890851556,86.4364613106215,86.8212661743164,73438,0.0,0.0
2023-04-04 00:00:00+02:00,87.25416297105537,87.25416297105537,84.80104584156639,85.57064819335938,73851,0.0,0.0
2023-04-05 00:00:00+02:00,86.34025980352045,88.31238009418094,85.71495283285672,87.54277038574219,72649,0.0,0.0
2023-04-06 00:00:00+02:00,88.36047054887567,88.36047054887567,86.67695583979159,86.77315521240234,62234,0.0,0.0
2023-04-11 00:00:00+02:00,87.63896889447665,87.63896889447665,84.704847506706,85.23394775390625,82626,0.0,0.0
2023-04-12 00:00:00+02:00,85.23394809636264,85.90735842215324,84.70484784703655,85.13774871826172,59615,0.0,0.0
2023-04-13 00:00:00+02:00,86.62886049756392,87.3503668070732,86.00355356141421,86.58075714111328,92334,0.0,0.0
2023-04-14 00:00:00+02:00,87.01365825862943,89.13008117675781,86.34025530349962,89.13008117675781,85972,0.0,0.0
2023-04-17 00:00:00+02:00,89.80348348119645,89.80348348119645,86.72505950927734,86.72505950927734,74823,0.0,0.0
2023-04-18 00:00:00+02:00,87.10987496083148,88.40858500295906,85.4263600404143,88.21617889404297,109671,0.0,0.0
2023-04-19 00:00:00+02:00,87.87947174289923,87.87947174289923,84.99344635009766,84.99344635009766,111833,0.0,0.0
2023-04-20 00:00:00+02:00,85.66685596293415,85.66685596293415,82.73272723562145,85.23394775390625,96132,0.0,0.0
2023-04-21 00:00:00+02:00,85.23395528637833,87.83138275146484,84.70485499241933,87.83138275146484,85327,0.0,0.0
2023-04-24 00:00:00+02:00,87.54277254141599,87.59087590170621,86.14786316750705,86.8212661743164,48931,0.0,0.0
2023-04-25 00:00:00+02:00,86.62885841566391,87.63896282097663,86.58075506036931,87.30226135253906,48762,0.0,0.0
2023-04-26 00:00:00+02:00,86.91746738078776,87.06177012514677,85.089649744506,86.19596099853516,56423,0.0,0.0
2023-04-27 00:00:00+02:00,86.96556591093375,86.96556591093375,85.23394775390625,85.23394775390625,59025,0.0,0.0
2023-04-28 00:00:00+02:00,85.42635931813575,85.85926021533724,83.40613555908203,83.40613555908203,50013,0.0,0.0
2023-05-02 00:00:00+02:00,83.64663727352816,84.80105189290879,80.953017840725,81.0492172241211,117321,0.0,0.0
2023-05-03 00:00:00+02:00,81.28971975569745,83.40613555908203,80.95301824236934,83.40613555908203,65997,0.0,0.0
2023-05-04 00:00:00+02:00,83.26182902909629,83.26182902909629,82.01121518719921,82.05931854248047,37393,0.0,0.0
2023-05-05 00:00:00+02:00,82.8289319162992,84.03144256357282,82.2036249118084,83.40613555908203,33701,0.0,0.0
2023-05-08 00:00:00+02:00,83.69473024640297,84.75293801149515,82.97322395117536,84.51243591308594,43548,0.0,0.0
2023-05-09 00:00:00+02:00,84.12764410047578,84.6086483716953,82.2998337414758,82.78083801269531,39954,0.0,0.0
2023-05-10 00:00:00+02:00,82.73272075808904,82.73272075808904,79.55809016527601,79.654296875,69876,0.0,0.0
2023-05-11 00:00:00+02:00,80.37580697108184,81.48211078993977,79.12519308079659,80.95301055908203,65836,0.0,0.0
2023-05-12 00:00:00+02:00,81.28972008114769,82.20362524091753,80.27960819757676,80.8087158203125,52005,0.0,0.0
2023-05-15 00:00:00+02:00,81.04921938649626,81.9631245624557,79.70240596439075,80.37581634521484,50991,0.0,0.0
2023-05-16 00:00:00+02:00,80.61631408103808,80.61631408103808,79.26950073242188,79.26950073242188,48946,0.0,0.0
2023-05-17 00:00:00+02:00,78.88469911377032,79.17330460732066,77.63408509444228,78.21129608154297,84787,0.0,0.0
2023-05-18 00:00:00+02:00,78.64419073561146,79.36569707263543,77.63407892796113,77.73028564453125,72151,0.0,0.0
2023-05-19 00:00:00+02:00,78.16319058581097,79.12519908532865,77.39358085037988,78.88469696044922,79720,0.0,0.0
2023-05-22 00:00:00+02:00,79.32106424298374,80.48469543457031,79.32106424298374,80.48469543457031,62946,0.65,0.0
2023-05-23 00:00:00+02:00,80.48469232541267,80.53318003910013,76.9937914873212,77.33318328857422,131500,0.0,0.0
2023-05-24 00:00:00+02:00,76.79983912683744,76.99378256091572,74.27863366930421,76.12105560302734,114937,0.0,0.0
2023-05-25 00:00:00+02:00,76.60591416771372,77.23621747278159,74.56955590365232,76.55742645263672,86994,0.0,0.0
2023-05-26 00:00:00+02:00,76.99378883674453,77.62409210205078,76.26651754558797,77.62409210205078,45407,0.0,0.0
2023-05-29 00:00:00+02:00,77.86652644445857,78.0119748039011,76.89683125784359,77.57561492919922,36266,0.0,0.0
2023-05-30 00:00:00+02:00,77.86652329390495,78.83621844128514,76.94530846498164,77.38167572021484,42637,0.0,0.0
2023-05-31 00:00:00+02:00,76.5574205789685,78.35136232456927,75.87863700908815,78.25438690185547,64531,0.0,0.0
2023-06-01 00:00:00+02:00,78.35136022477737,79.22407982032463,77.13924145519967,77.67256927490234,69448,0.0,0.0
2023-06-02 00:00:00+02:00,78.01196379921815,81.11499239757265,78.01196379921815,80.3392333984375,71085,0.0,0.0
2023-06-05 00:00:00+02:00,80.72711595353844,80.77560366713945,78.15742249459934,78.69075775146484,52872,0.0,0.0
2023-06-06 00:00:00+02:00,78.39984806683029,79.46651120687281,78.254392320873,79.0301513671875,25366,0.0,0.0
2023-06-07 00:00:00+02:00,79.41802589670729,79.41802589670729,78.59378658569116,78.7392349243164,50325,0.0,0.0
2023-06-08 00:00:00+02:00,78.59379199014057,79.80591088327546,77.62409687563266,79.51499938964844,37729,0.0,0.0
2023-06-09 00:00:00+02:00,79.3210577886674,80.33923314891055,78.59378650355684,80.09680938720703,40693,0.0,0.0
2023-06-12 00:00:00+02:00,80.4846890503292,81.89074391181352,80.3392333133721,81.69680786132812,50925,0.0,0.0
2023-06-13 00:00:00+02:00,82.03620352685755,83.15135436533016,81.50287566371773,82.6180191040039,66823,0.0,0.0
2023-06-14 00:00:00+02:00,83.1028621359192,83.34528589640692,81.9392310448525,82.56953430175781,55080,0.0,0.0
2023-06-15 00:00:00+02:00,82.71499467788901,82.71499467788901,79.61196593065866,81.01802825927734,82276,0.0,0.0
2023-06-16 00:00:00+02:00,81.26044772080627,83.2968058354318,80.58165675047373,82.81195831298828,93678,0.0,0.0
2023-06-19 00:00:00+02:00,82.32711146401763,82.32711146401763,80.43620167210781,80.58165740966797,62301,0.0,0.0
2023-06-20 00:00:00+02:00,80.48468622251934,81.55134925908423,79.75741496147248,80.3877182006836,39475,0.0,0.0
2023-06-21 00:00:00+02:00,80.33923557161118,80.43620359957954,78.88469295752702,79.32106018066406,37475,0.0,0.0
2023-06-22 00:00:00+02:00,78.78772625732934,79.22408608963381,76.84833607253354,79.17560577392578,54283,0.0,0.0
2023-06-23 00:00:00+02:00,78.54529571533203,79.07863092946354,77.86651216842448,78.54529571533203,30373,0.0,0.0
2023-06-26 00:00:00+02:00,78.35136704777595,79.75742198365391,77.9149998138167,78.3028793334961,34782,0.0,0.0
2023-06-27 00:00:00+02:00,78.83621618070894,78.83621618070894,77.72106531356054,78.39984893798828,38732,0.0,0.0
2023-06-28 00:00:00+02:00,79.17560616364958,79.17560616364958,77.23621596930757,78.06045532226562,77703,0.0,0.0
2023-06-29 00:00:00+02:00,78.06044876080438,78.54529626863547,77.18772176707127,77.67256927490234,48288,0.0,0.0
2023-06-30 00:00:00+02:00,77.86651322966067,78.88468856389864,76.70287476429255,78.15741729736328,64435,0.0,0.0
2023-07-03 00:00:00+02:00,77.96347753675046,77.96347753675046,76.12105560302734,76.12105560302734,133093,0.0,0.0
2023-07-04 00:00:00+02:00,75.73318348106625,76.21803101602595,73.69682531387281,75.8786392211914,133068,0.0,0.0
2023-07-05 00:00:00+02:00,77.4301455209868,78.69075200062196,76.36348248339559,77.67256927490234,90435,0.0,0.0
2023-07-06 00:00:00+02:00,78.83620908023431,79.17560086188047,77.1877230865179,77.52711486816406,89544,0.0,0.0
2023-07-07 00:00:00+02:00,77.47863709844627,78.73923624281929,77.09075759318296,78.35136413574219,45474,0.0,0.0
2023-07-10 00:00:00+02:00,78.06045184133623,79.27257065874828,77.76954036588288,79.22408294677734,52337,0.0,0.0
2023-07-11 00:00:00+02:00,80.04833316292782,81.40590037926798,79.32106184066568,81.01802825927734,100745,0.0,0.0
2023-07-12 00:00:00+02:00,81.59984383744977,81.74529958153948,79.46651018656894,81.01802825927734,77485,0.0,0.0
2023-07-13 00:00:00+02:00,81.55135271274489,82.03620024064251,80.72711339495613,80.82408142089844,121885,0.0,0.0
2023-07-14 00:00:00+02:00,82.42407660349033,82.52104462573962,77.81802526388353,77.91499328613281,239041,0.0,0.0
2023-07-17 00:00:00+02:00,77.09075680026761,77.13924451224663,73.89076016249147,74.66651916503906,306478,0.0,0.0
2023-07-18 00:00:00+02:00,75.53924865346792,75.63621668239783,73.5028904531945,74.13318634033203,123938,0.0,0.0
2023-07-19 00:00:00+02:00,74.52106657041391,74.86045837402344,74.03621902291846,74.86045837402344,102037,0.0,0.0
2023-07-20 00:00:00+02:00,74.61803704831078,74.61803704831078,73.50289357103527,74.08470916748047,113325,0.0,0.0
2023-07-21 00:00:00+02:00,73.84228451323102,75.15137143931072,73.79379679818908,74.71501159667969,79225,0.0,0.0
2023-07-24 00:00:00+02:00,74.13318343092293,74.66651866638583,73.50288756852179,74.18167114257812,50532,0.0,0.0
2023-07-25 00:00:00+02:00,74.86045900179973,75.05440246133618,73.45440406154638,73.74531555175781,68581,0.0,0.0
2023-07-26 00:00:00+02:00,72.53319452509294,73.59985762730595,71.27258796908627,71.5634994506836,136113,0.0,0.0
2023-07-27 00:00:00+02:00,72.24228518264297,74.03621964378272,72.19379746821224,73.74531555175781,95955,0.0,0.0
2023-07-28 00:00:00+02:00,73.98773542925935,74.08470345482525,72.77561661422027,73.06652069091797,60394,0.0,0.0
2023-07-31 00:00:00+02:00,73.06652369538271,75.00591387919214,72.53319583374699,74.61803436279297,117158,0.0,0.0
2023-08-01 00:00:00+02:00,74.08470639947325,74.56955394476013,72.72713179303268,72.77561950683594,84979,0.0,0.0
2023-08-02 00:00:00+02:00,71.85440196565098,73.7937920721365,71.6119782023403,71.70894622802734,100951,0.0,0.0
2023-08-03 00:00:00+02:00,71.66046483786586,72.2907680926431,71.03016158308863,72.0968246459961,64154,0.0,0.0
2023-08-04 00:00:00+02:00,72.24228645093513,72.24228645093513,71.175623298411,71.99986267089844,59464,0.0,0.0
2023-08-07 00:00:00+02:00,71.8059233429614,72.09682742687346,70.15743727471447,70.20592498779297,86144,0.0,0.0
2023-08-08 00:00:00+02:00,69.57561989754481,70.1574354484097,68.84834860941716,69.86653137207031,71985,0.0,0.0
2023-08-09 00:00:00+02:00,70.30288880196511,71.36955184208189,70.25440109179286,70.64228057861328,34864,0.0,0.0
2023-08-10 00:00:00+02:00,71.07864641272059,73.74530766097404,70.98167099423551,73.50288391113281,75500,0.0,0.0
2023-08-11 00:00:00+02:00,72.77561695590313,73.50288824834112,71.22409894681981,71.95137023925781,51252,0.0,0.0
2023-08-14 00:00:00+02:00,71.75744022997323,72.09683204872088,71.32108037703864,71.85440826416016,29171,0.0,0.0
2023-08-16 00:00:00+02:00,71.51501865969804,72.72713762003191,71.41805062250874,72.67864990234375,46829,0.0,0.0
2023-08-17 00:00:00+02:00,72.72713650488416,72.77562422182885,71.17562573908401,71.4665298461914,40325,0.0,0.0
2023-08-18 00:00:00+02:00,71.12713235079397,71.22410037876466,68.9453184296151,70.20592498779297,82011,0.0,0.0
2023-08-21 00:00:00+02:00,70.3029002203611,70.73926009004023,69.33320504490784,69.72108459472656,58321,0.0,0.0
2023-08-22 00:00:00+02:00,69.72106984846826,70.69076481882752,68.84834289550781,68.84834289550781,67601,0.0,0.0
2023-08-23 00:00:00+02:00,69.33319357994431,69.33319357994431,67.44229125976562,67.44229125976562,76901,0.0,0.0
2023-08-24 00:00:00+02:00,68.84834528226162,68.9938010124951,68.0725863198069,68.31501007080078,64398,0.0,0.0
2023-08-25 00:00:00+02:00,67.87865605545927,68.65441508393909,67.7816880264459,67.97562408447266,39940,0.0,0.0
2023-08-28 00:00:00+02:00,68.7513820104613,68.7513820104613,67.9756229944215,68.3635025024414,39090,0.0,0.0
2023-08-29 00:00:00+02:00,69.33320214366975,70.39986531239654,68.60593079251237,70.0119857788086,86255,0.0,0.0
2023-08-30 00:00:00+02:00,72.72713365094586,74.95743537551617,71.95137459939446,74.71501159667969,304360,0.0,0.0
2023-08-31 00:00:00+02:00,74.27864523356664,75.83015595681606,73.35743782237729,74.08470916748047,199105,0.0,0.0
2023-09-01 00:00:00+02:00,73.69681785980156,74.47257679654736,73.06651464846878,73.16348266601562,74170,0.0,0.0
2023-09-04 00:00:00+02:00,73.74531251558687,73.93924856895227,72.43621826171875,72.43621826171875,35362,0.0,0.0
2023-09-05 00:00:00+02:00,71.95137314498734,72.38774037698437,71.27258953724059,71.66046905517578,48509,0.0,0.0
2023-09-06 00:00:00+02:00,71.70894392673014,71.70894392673014,69.430162104378,69.52713012695312,68973,0.0,0.0
2023-09-07 00:00:00+02:00,69.23622967202066,70.39986080001309,69.0422862185644,69.9635009765625,51626,0.0,0.0
2023-09-08 00:00:00+02:00,70.35137571052324,71.36955102886624,69.76955278782921,71.2725830078125,49626,0.0,0.0
2023-09-11 00:00:00+02:00,71.70895363454102,71.80592906843039,70.6422904454401,71.4665298461914,45180,0.0,0.0
2023-09-12 00:00:00+02:00,71.36955394217743,71.46652196718942,70.39985889568538,71.2240982055664,46701,0.0,0.0
2023-09-13 00:00:00+02:00,71.17561681847064,71.61197662353516,70.44834554457249,71.61197662353516,53988,0.0,0.0
2023-09-14 00:00:00+02:00,71.75743842690677,71.75743842690677,70.2544080411226,71.5150146484375,54082,0.0,0.0
2023-09-15 00:00:00+02:00,71.85439981855406,73.26046204265288,71.56349575018548,72.48470306396484,148302,0.0,0.0
2023-09-18 00:00:00+02:00,72.58167496491322,72.82409873393308,70.06046924674378,70.20592498779297,64803,0.0,0.0
2023-09-19 00:00:00+02:00,69.91501682340952,70.25440863650542,68.99380941669396,69.04228973388672,63418,0.0,0.0
2023-09-20 00:00:00+02:00,69.18774147504564,70.01198080145576,68.9938054211325,69.47865295410156,51842,0.0,0.0
2023-09-21 00:00:00+02:00,69.13926176386539,69.52713387507563,68.46047077287488,68.60592651367188,62151,0.0,0.0
2023-09-22 00:00:00+02:00,68.55743485181436,69.62410529076189,68.1695627629453,69.28470611572266,49707,0.0,0.0
2023-09-25 00:00:00+02:00,69.28471715093724,69.28471715093724,67.68472603405161,67.878662109375,41094,0.0,0.0
2023-09-26 00:00:00+02:00,67.63623449012111,67.68472220530266,66.61805165680163,66.95745086669922,71487,0.0,0.0
2023-09-27 00:00:00+02:00,67.29683158526181,67.87864708060131,66.61804067554455,66.76349639892578,51286,0.0,0.0
2023-09-28 00:00:00+02:00,66.56957156932951,67.5877470079729,66.47260353681871,67.19987487792969,41540,0.0,0.0
2023-09-29 00:00:00+02:00,70.35137889748874,73.01804028729012,69.86653137207031,69.86653137207031,248928,0.0,0.0
2023-10-02 00:00:00+02:00,70.20592360229067,70.35137934046931,66.76350319086953,67.39380645751953,168852,0.0,0.0
2023-10-03 00:00:00+02:00,68.12107897647277,68.99380602306842,67.87865520787324,68.60592651367188,132705,0.0,0.0
2023-10-04 00:00:00+02:00,67.8786563873291,70.25440640161105,67.39380884170532,69.81804656982422,82580,0.0,0.0
2023-10-05 00:00:00+02:00,70.35138476515617,70.98168068222115,69.57562570050993,69.76956176757812,77506,0.0,0.0
2023-10-06 00:00:00+02:00,69.91501168570049,70.25440347385617,69.04228466031009,69.86653137207031,76748,0.0,0.0
2023-10-09 00:00:00+02:00,69.09077112162224,69.57561863826521,68.07258837739762,68.65441131591797,57651,0.0,0.0
2023-10-10 00:00:00+02:00,69.0907768637447,71.5150146484375,69.0907768637447,71.5150146484375,106538,0.0,0.0
2023-10-11 00:00:00+02:00,69.52713302271245,70.39986005860895,68.3150141945746,69.2362289428711,123168,0.0,0.0
2023-10-12 00:00:00+02:00,69.86653306966404,69.86653306966404,68.3150150320779,68.60592651367188,86253,0.0,0.0
2023-10-13 00:00:00+02:00,68.50896659938222,68.751390396692,67.49078369140625,67.49078369140625,62926,0.0,0.0
2023-10-16 00:00:00+02:00,67.00592876093496,68.21804761478033,66.56956893282518,67.73320007324219,67063,0.0,0.0
2023-10-17 00:00:00+02:00,67.63622779308741,69.52713012695312,67.63622779308741,69.52713012695312,135422,0.0,0.0
2023-10-18 00:00:00+02:00,69.624114766634,70.2059303773088,69.04229175777229,69.3816909790039,83151,0.0,0.0
2023-10-19 00:00:00+02:00,68.84834968160455,70.54531604699622,68.79986196903316,69.47865295410156,97234,0.0,0.0
2023-10-20 00:00:00+02:00,71.9513621182333,73.26045621541546,71.27257861451208,72.82408905029297,206532,0.0,0.0
2023-10-23 00:00:00+02:00,72.77561734861362,74.08470420242885,72.19379439297467,73.79379272460938,111538,0.0,0.0
2023-10-24 00:00:00+02:00,74.27863470110157,75.97560093238476,73.93924293448207,75.7331771850586,133268,0.0,0.0
2023-10-25 00:00:00+02:00,75.49076043419346,76.60591125488281,74.18167355694348,76.60591125488281,131585,0.0,0.0
2023-10-26 00:00:00+02:00,76.21802136526973,76.21802136526973,72.77560874184735,72.82408905029297,95452,0.0,0.0
2023-10-27 00:00:00+02:00,72.82409776663575,73.06652153243559,71.51501091095383,72.43621826171875,54519,0.0,0.0
2023-10-30 00:00:00+01:00,72.96955802456645,73.06652605725412,71.6604710878162,72.2422866821289,57368,0.0,0.0
2023-10-31 00:00:00+01:00,73.11500889629403,73.5513687133789,72.24228186393808,73.5513687133789,51806,0.0,0.0
2023-11-01 00:00:00+01:00,73.35743057848251,73.5513666254179,71.9513683445501,72.96955108642578,51490,0.0,0.0
2023-11-02 00:00:00+01:00,73.64833702331141,77.43014924596491,73.21197720454555,76.7513656616211,170678,0.0,0.0
2023-11-03 00:00:00+01:00,77.04226549236927,78.59378342504792,76.99378518083918,78.54529571533203,146741,0.0,0.0
2023-11-06 00:00:00+01:00,78.59379058498426,78.93318238935682,77.43015202946718,78.06045532226562,84753,0.0,0.0
2023-11-07 00:00:00+01:00,77.81803353188646,78.54530487330595,76.75137037744184,77.04227447509766,67164,0.0,0.0
2023-11-08 00:00:00+01:00,77.04226907543566,79.80590589768404,76.79984531195323,79.22408294677734,113147,0.0,0.0
2023-11-09 00:00:00+01:00,79.5149936693459,79.66044940569532,77.96348307738612,78.49681091308594,73952,0.0,0.0
2023-11-10 00:00:00+01:00,77.52711949012433,77.91499900578113,75.24833750814702,75.9756088256836,148893,0.0,0.0
2023-11-13 00:00:00+01:00,76.02409532604285,77.86651744736595,76.02409532604285,77.72106170654297,108000,0.0,0.0
2023-11-14 00:00:00+01:00,77.86651911230477,80.14530110663536,77.33318385061217,79.41802978515625,116842,0.0,0.0
2023-11-15 00:00:00+01:00,79.95135373410075,81.30892828069642,78.0604513501116,78.7392349243164,131564,0.0,0.0
2023-11-16 00:00:00+01:00,77.9634807783843,78.44832828646108,76.31499481201172,76.31499481201172,135182,0.0,0.0
2023-11-17 00:00:00+01:00,76.79985041423029,77.09076190901064,74.472588048734,74.95743560791016,99013,0.0,0.0
2023-11-20 00:00:00+01:00,74.66651365273296,75.87863238086175,74.56954563411978,75.24832916259766,123761,0.0,0.0
2023-11-21 00:00:00+01:00,75.1998625341157,76.02410193956682,75.05440678063916,75.15137481689453,80898,0.0,0.0
2023-11-22 00:00:00+01:00,75.83014860161393,76.65439529799845,75.63621255433873,75.9271240234375,48499,0.0,0.0
2023-11-23 00:00:00+01:00,76.41196918884309,76.41196918884309,75.15136272578148,75.34529876708984,79850,0.0,0.0
2023-11-24 00:00:00+01:00,75.53923929380133,75.83014334454666,73.79378539658754,75.39378356933594,77082,0.0,0.0
2023-11-27 00:00:00+01:00,75.63622353473319,76.1210711214943,74.66652836121096,74.76349639892578,53151,0.0,0.0
2023-11-28 00:00:00+01:00,74.66652750322545,75.00591933042091,71.0786583616959,72.19380187988281,181540,0.0,0.0
2023-11-29 00:00:00+01:00,72.96956300094674,73.40592287689348,71.22410870078544,72.533203125,123755,0.0,0.0
2023-11-30 00:00:00+01:00,73.2119755995901,74.27863866511248,72.14531253406771,73.69682312011719,161833,0.0,0.0
2023-12-01 00:00:00+01:00,73.6968210215921,73.9392447749526,72.87258173980356,73.11500549316406,87762,0.0,0.0
2023-12-04 00:00:00+01:00,73.2604646347177,73.6968244518026,72.43621791637887,73.5513687133789,100796,0.0,0.0
2023-12-05 00:00:00+01:00,73.64834012289633,74.08470735821346,73.16349257133496,73.74531555175781,83845,0.0,0.0
2023-12-06 00:00:00+01:00,73.98773141081526,74.27863547171329,73.26046016129159,73.50288391113281,93341,0.0,0.0
2023-12-07 00:00:00+01:00,73.40591263544577,74.66651916503906,72.77561676883526,74.66651916503906,116795,0.0,0.0
2023-12-08 00:00:00+01:00,74.66651674392071,76.79984283447266,74.27863725522421,76.79984283447266,115743,0.0,0.0
2023-12-11 00:00:00+01:00,77.09075927734375,77.57560681996856,76.02409616320645,77.09075927734375,87726,0.0,0.0
2023-12-12 00:00:00+01:00,77.52711354291584,78.54529626863547,77.13924145519967,77.67256927490234,152569,0.0,0.0
2023-12-13 00:00:00+01:00,77.575610914398,80.82408814180107,77.575610914398,79.8543930053711,215732,0.0,0.0
2023-12-14 00:00:00+01:00,85.33316040039062,86.01194394430124,82.42407538674094,85.33316040039062,431114,0.0,0.0
2023-12-15 00:00:00+01:00,85.3331577234101,85.96346093623147,80.38771483498593,82.90892028808594,1160738,0.0,0.0
2023-12-18 00:00:00+01:00,82.71498927743804,82.71498927743804,80.72711150043521,81.8422622680664,172566,0.0,0.0
2023-12-19 00:00:00+01:00,81.35741542615229,84.21801283806046,81.35741542615229,83.92710876464844,138182,0.0,0.0
2023-12-20 00:00:00+01:00,84.31498451190427,84.75135173818849,82.95741731418366,84.60589599609375,125627,0.0,0.0
2023-12-21 00:00:00+01:00,83.58770643292651,85.38164810989242,83.53922612161047,85.33316040039062,155600,0.0,0.0
2023-12-22 00:00:00+01:00,84.55740406954696,85.57558681529227,84.16953197420209,85.04225158691406,85510,0.0,0.0
2023-12-27 00:00:00+01:00,85.33316223685388,86.10892121646329,85.18770650340389,85.67255401611328,78165,0.0,0.0
2023-12-28 00:00:00+01:00,85.91498092264214,86.54528419191236,85.62407684326172,85.62407684326172,68467,0.0,0.0
2023-12-29 00:00:00+01:00,85.86650533992994,86.49680124574459,85.72104959313171,85.91498565673828,69048,0.0,0.0
2024-01-02 00:00:00+01:00,86.10892044136159,86.35134419553414,84.41195416215379,84.94528198242188,130715,0.0,0.0
2024-01-03 00:00:00+01:00,84.36348035916427,84.508936115283,81.50288254763984,81.89075469970703,139446,0.0,0.0
2024-01-04 00:00:00+01:00,81.89074585390526,81.93923356676959,80.29075490399075,80.67862701416016,233976,0.0,0.0
2024-01-05 00:00:00+01:00,79.99984161063567,80.67862518623934,78.0604515109839,80.3392333984375,218122,0.0,0.0
2024-01-08 00:00:00+01:00,80.33923380026748,82.18165588378906,79.85438627292949,82.18165588378906,170664,0.0,0.0
2024-01-09 00:00:00+01:00,83.87862978602303,83.97559782058916,81.35742389636953,81.93923950195312,242325,0.0,0.0
2024-01-10 00:00:00+01:00,82.23014176091891,83.00589334843792,81.1149909932877,81.8422622680664,128812,0.0,0.0
2024-01-11 00:00:00+01:00,82.61801716640484,84.65438273593891,82.47256882416922,83.63619995117188,237126,0.0,0.0
2024-01-12 00:00:00+01:00,83.63619812355977,84.41195712340057,82.66650307285184,83.29680633544922,195188,0.0,0.0
2024-01-15 00:00:00+01:00,82.95741587474062,83.44226340785264,82.86044044956923,83.15135192871094,56313,0.0,0.0
2024-01-16 00:00:00+01:00,82.86043729824331,83.00589303228223,81.59983819900658,82.95741271972656,131854,0.0,0.0
2024-01-17 00:00:00+01:00,82.13316449108832,82.3755882438934,80.14529415699812,81.50286865234375,176899,0.0,0.0
2024-01-18 00:00:00+01:00,82.90893328628614,83.58771691532024,81.55135863003126,82.0846939086914,156819,0.0,0.0
2024-01-19 00:00:00+01:00,82.32710715218873,82.76346694382902,81.69680392123051,82.3755874633789,83437,0.0,0.0
2024-01-22 00:00:00+01:00,83.00590449007395,83.58772010835509,81.5513617452776,82.27863311767578,103721,0.0,0.0
2024-01-23 00:00:00+01:00,83.19983814624125,83.19983814624125,81.45438409912835,81.69680786132812,84045,0.0,0.0
2024-01-24 00:00:00+01:00,82.32711587620472,82.90893145944068,81.16347731154626,81.74530029296875,71090,0.0,0.0
2024-01-25 00:00:00+01:00,82.0846917101839,83.24832287112969,81.30893267076237,83.10286712646484,95536,0.0,0.0
2024-01-26 00:00:00+01:00,83.49074285867776,88.33921813964844,83.39377483269558,88.33921813964844,474202,0.0,0.0
2024-01-29 00:00:00+01:00,88.24225639447774,88.58164820866531,87.22407355372832,88.48468017578125,117636,0.0,0.0
2024-01-30 00:00:00+01:00,88.4846724725274,89.84224700927734,87.80588890324543,89.84224700927734,103276,0.0,0.0
2024-01-31 00:00:00+01:00,89.16345421767122,90.23012465927202,89.16345421767122,89.50285339355469,132071,0.0,0.0
2024-02-01 00:00:00+01:00,89.01801214977355,90.6664908421749,88.8725564067531,89.89073181152344,108059,0.0,0.0
2024-02-02 00:00:00+01:00,90.56952219470718,91.29679350665903,90.08467465340594,90.76345825195312,110205,0.0,0.0
2024-02-05 00:00:00+01:00,90.18164448011055,91.73315516357192,90.18164448011055,91.10285186767578,100226,0.0,0.0
2024-02-06 00:00:00+01:00,91.19982295587297,92.65436553955078,90.86042376779922,92.65436553955078,87170,0.0,0.0
2024-02-07 00:00:00+01:00,92.60587964570651,93.52708700751494,92.60587964570651,92.99375915527344,85182,0.0,0.0
2024-02-08 00:00:00+01:00,93.38163585110476,96.38768901284526,92.99375635322527,96.24223327636719,134530,0.0,0.0
2024-02-09 00:00:00+01:00,96.72708360398344,97.74526639066832,96.38769180781726,97.55132293701172,142652,0.0,0.0
2024-02-12 00:00:00+01:00,98.90889728319036,100.46040791779923,98.32708171998532,100.26647186279297,162743,0.0,0.0
2024-02-13 00:00:00+01:00,100.84829123100991,101.72101830783865,98.52102149219544,99.58768463134766,191040,0.0,0.0
2024-02-14 00:00:00+01:00,99.78162243527466,101.72101254131232,99.68465440961,101.52706909179688,132987,0.0,0.0
2024-02-15 00:00:00+01:00,102.10889813321572,103.85434489385831,101.33313908525017,101.43010711669922,209702,0.0,0.0
2024-02-16 00:00:00+01:00,102.49677055186872,103.66040912714182,102.20586645669039,103.27252960205078,152764,0.0,0.0
2024-02-19 00:00:00+01:00,102.59374056150801,102.98161266792023,101.33313402110969,102.49676513671875,98570,0.0,0.0
2024-02-20 00:00:00+01:00,102.10889686845799,103.36949605805454,101.33313783010128,103.1755599975586,93749,0.0,0.0
2024-02-21 00:00:00+01:00,103.36949652976162,104.33919163303929,102.78768094743234,103.66040802001953,116606,0.0,0.0
2024-02-22 00:00:00+01:00,104.04828450838446,105.40585169485642,103.46646154482642,105.30888366699219,102845,0.0,0.0
2024-02-23 00:00:00+01:00,105.98767672188386,106.66646032833505,105.01798162798991,105.89070129394531,142860,0.0,0.0
2024-02-26 00:00:00+01:00,105.79373311800492,107.53918724387671,105.11494951249169,107.24827575683594,161188,0.0,0.0
2024-02-27 00:00:00+01:00,107.6361540439897,109.09069666620577,107.24827453176148,108.99372863769531,142383,0.0,0.0
2024-02-28 00:00:00+01:00,108.79978505351228,110.83615064074988,108.60584899672124,110.35130310058594,139047,0.0,0.0
2024-02-29 00:00:00+01:00,110.64220745140071,112.38766155945586,106.27857957944916,107.63615417480469,309819,0.0,0.0
2024-03-01 00:00:00+01:00,107.53918493965145,109.57554311074486,107.53918493965145,109.38160705566406,131971,0.0,0.0
2024-03-04 00:00:00+01:00,109.57554359602916,109.866455078125,108.41191246401843,109.866455078125,137215,0.0,0.0
2024-03-05 00:00:00+01:00,109.38160705566406,110.54523818252136,107.73312099473225,109.38160705566406,148883,0.0,0.0
2024-03-06 00:00:00+01:00,109.18766848954867,109.38161195149648,107.44222172113794,108.31494140625,171923,0.0,0.0
2024-03-07 00:00:00+01:00,106.66645956680914,109.38160876960248,106.18161202332364,108.12100219726562,186355,0.0,0.0
2024-03-08 00:00:00+01:00,108.2179685306205,110.2543267017139,108.2179685306205,109.38160705566406,110505,0.0,0.0
2024-03-11 00:00:00+01:00,108.31493716088809,109.28463223806054,107.63615356614191,108.50888061523438,110129,0.0,0.0
2024-03-12 00:00:00+01:00,108.60584663279064,111.1270523071289,108.41191058022085,111.1270523071289,133345,0.0,0.0
2024-03-13 00:00:00+01:00,111.51493014562006,112.67856124003906,110.64220312571278,112.38765716552734,142258,0.0,0.0
2024-03-14 00:00:00+01:00,114.13311091139539,119.17552989684498,112.87251171367289,113.26039123535156,222616,0.0,0.0
2024-03-15 00:00:00+01:00,104.24221801757812,108.70281377404193,102.98161149157949,104.24221801757812,1146485,0.0,0.0
2024-03-18 00:00:00+01:00,103.5634319143525,104.824031011411,100.36343536376954,101.81797790527344,389559,0.0,0.0
2024-03-19 00:00:00+01:00,103.17555293661292,103.36948898383659,100.94525140261067,102.30282592773438,214071,0.0,0.0
2024-03-20 00:00:00+01:00,100.0725297139834,103.46646250813458,99.68465759891522,103.0785903930664,214811,0.0,0.0
2024-03-21 00:00:00+01:00,104.72706871870093,104.82403674713653,101.0422244526573,101.23616790771484,179817,0.0,0.0
2024-03-22 00:00:00+01:00,100.75132360923399,100.75132360923399,97.4543587490324,98.23011779785156,250090,0.0,0.0
2024-03-25 00:00:00+01:00,98.03617433655349,98.61798992407456,96.96951119306706,98.23011779785156,179809,0.0,0.0
2024-03-26 00:00:00+01:00,98.13314027497836,100.8482894897461,97.1634451837308,100.8482894897461,159518,0.0,0.0
2024-03-27 00:00:00+01:00,101.04222348100427,102.69070954130254,99.4907128463954,100.26647186279297,169089,0.0,0.0
2024-03-28 00:00:00+01:00,101.72101843906161,103.85434472011809,101.33313891572773,102.78768157958984,213912,0.0,0.0
2024-04-02 00:00:00+02:00,101.43009986839732,102.01191541370103,97.93919919838898,98.71495819091797,251860,0.0,0.0
2024-04-03 00:00:00+02:00,98.03617300679642,99.58768368520356,97.74526891607496,98.61798858642578,129720,0.0,0.0
2024-04-04 00:00:00+02:00,98.32708402169735,98.7149635389759,96.33920611951129,98.13314056396484,162405,0.0,0.0
2024-04-05 00:00:00+02:00,96.58162322034595,96.92101500019665,95.0786003672397,95.90283966064453,204883,0.0,0.0
2024-04-08 00:00:00+02:00,95.95132494666566,96.96950773718058,95.46647740797975,96.43617248535156,91856,0.0,0.0
2024-04-09 00:00:00+02:00,95.70889306345111,96.24222827006581,93.76950307312234,94.35132598876953,147269,0.0,0.0
2024-04-10 00:00:00+02:00,96.3876864011166,96.43616671317162,93.47860134312427,95.17556762695312,143423,0.0,0.0
2024-04-11 00:00:00+02:00,95.12708282470703,95.85435411143749,94.10890746219604,95.12708282470703,122408,0.0,0.0
2024-04-12 00:00:00+02:00,95.95132421916506,97.16344305668956,94.83618080719152,95.70890045166016,172623,0.0,0.0
2024-04-15 00:00:00+02:00,95.2240501960235,97.55131977721585,95.2240501960235,97.35738372802734,129266,0.0,0.0
2024-04-16 00:00:00+02:00,95.51495833522358,96.43616563400472,94.69071905765323,95.56344604492188,126275,0.0,0.0
2024-04-17 00:00:00+02:00,95.99981157649272,97.64829023014791,95.51496404327811,96.82405090332031,157569,0.0,0.0
2024-04-18 00:00:00+02:00,99.68465233721405,100.07252443180899,94.01193047643815,95.03011322021484,278917,0.0,0.0
2024-04-19 00:00:00+02:00,95.0301262521454,95.36951808055137,93.09073592046896,94.20588684082031,142674,0.0,0.0
2024-04-22 00:00:00+02:00,94.64223782319998,94.98162961975116,92.79981570139682,92.99375915527344,119844,0.0,0.0
2024-04-23 00:00:00+02:00,93.67254358229742,95.51496572050277,92.94527226970476,95.32102966308594,108682,0.0,0.0
2024-04-24 00:00:00+02:00,94.98162875836569,95.2240525248732,93.33315010538915,93.62406158447266,129629,0.0,0.0
2024-04-25 00:00:00+02:00,93.18769693603745,93.52708873887141,90.81194691801335,91.733154296875,165153,0.0,0.0
2024-04-26 00:00:00+02:00,92.79981976533696,94.30285015641044,91.92710007832565,94.15739440917969,110957,0.0,0.0
2024-04-29 00:00:00+02:00,93.91496615380719,94.20587763440366,93.38163830362866,94.1089096069336,71920,0.0,0.0
2024-04-30 00:00:00+02:00,94.10891315542469,94.83618448615228,93.18769836425781,93.18769836425781,140601,0.0,0.0
2024-05-02 00:00:00+02:00,93.57557079813888,93.91496258046384,91.15133321269487,92.3149642944336,123526,0.0,0.0
2024-05-03 00:00:00+02:00,92.50891220755385,96.43617284671397,92.50891220755385,95.07860565185547,194752,0.0,0.0
2024-05-06 00:00:00+02:00,95.0301132838739,95.1270813075876,93.38163468618313,93.67253875732422,83712,0.0,0.0
2024-05-07 00:00:00+02:00,93.91496434744188,94.39981187365294,93.2846610837303,94.01193237304688,69735,0.0,0.0
2024-05-08 00:00:00+02:00,94.25436332476473,94.30285104035836,92.6058845691951,93.52709197998047,83341,0.0,0.0
2024-05-09 00:00:00+02:00,93.23618158846791,93.52708566783647,92.26648652753363,93.13921356201172,78101,0.0,0.0
2024-05-10 00:00:00+02:00,92.79980729612323,93.57556624499328,91.87860001775248,92.2664794921875,106055,0.0,0.0
2024-05-13 00:00:00+02:00,92.36344751124984,92.55738354937455,91.29678450519275,92.2664794921875,88486,0.0,0.0
2024-05-14 00:00:00+02:00,92.2664880891574,93.3331511946013,90.95740121437689,93.2361831665039,123180,0.0,0.0
2024-05-15 00:00:00+02:00,92.99376096782976,93.47860851469207,92.02406587410512,93.3331527709961,121407,0.0,0.0
2024-05-16 00:00:00+02:00,93.67254726619194,93.72103498154623,92.12103655128138,93.04224395751953,84811,0.0,0.0
2024-05-17 00:00:00+02:00,92.36345611725478,93.72103070517716,92.2664880891574,93.2361831665039,92884,0.0,0.0
2024-05-20 00:00:00+02:00,93.9801868391418,94.175975907507,93.09912109375,93.09912109375,80191,0.91,0.0
2024-05-21 00:00:00+02:00,93.05018743890855,93.14808198348322,91.72858494608806,92.12017059326172,87370,0.0,0.0
2024-05-22 00:00:00+02:00,92.12016584373448,92.12016584373448,90.65172534419926,91.53279113769531,92473,0.0,0.0
2024-05-23 00:00:00+02:00,91.23910182472738,92.16911864051214,90.79857265384891,91.43489837646484,82279,0.0,0.0
2024-05-24 00:00:00+02:00,90.74962201050732,92.26701354980469,89.5259215655497,92.26701354980469,135150,0.0,0.0
2024-05-27 00:00:00+02:00,92.51175430528782,92.75649439604256,91.43489939974198,92.65859985351562,65120,0.0,0.0
2024-05-28 00:00:00+02:00,92.7564868217369,92.80543782344054,90.50487518310547,90.50487518310547,150601,0.0,0.0
2024-05-29 00:00:00+02:00,90.06434849330357,92.1201636499193,89.96645395610747,90.79856872558594,133497,0.0,0.0
2024-05-30 00:00:00+02:00,90.79856683913623,91.72857612648872,90.26013569243261,91.33699798583984,135511,0.0,0.0
2024-05-31 00:00:00+02:00,91.23909539541472,91.23909539541472,89.96645150873654,90.50487518310547,140853,0.0,0.0
2024-06-03 00:00:00+02:00,91.04330920428592,92.31596060006767,90.40698350639505,91.63068389892578,87343,0.0,0.0
2024-06-04 00:00:00+02:00,91.28804994189709,94.71441106572163,90.6517242394119,93.7354507446289,254408,0.0,0.0
2024-06-05 00:00:00+02:00,94.02914101810526,94.32282463057723,92.80544062728596,93.7844009399414,99577,0.0,0.0
2024-06-06 00:00:00+02:00,93.98019192913387,94.42072109125183,93.2459716796875,93.2459716796875,102706,0.0,0.0
2024-06-07 00:00:00+02:00,94.6654642659052,94.6654642659052,91.04331390456389,92.21806335449219,105887,0.0,0.0
2024-06-10 00:00:00+02:00,91.19015475282221,91.4348948313489,89.1832831213535,89.9175033569336,132181,0.0,0.0
2024-06-11 00:00:00+02:00,89.96645475685965,91.43489523449432,89.67276367378291,90.74961853027344,182931,0.0,0.0
2024-06-12 00:00:00+02:00,91.0433101670507,92.26701057252181,89.52591867671671,91.58174133300781,86204,0.0,0.0
2024-06-13 00:00:00+02:00,92.12017254408596,92.36491264514297,90.11330819674352,90.30909729003906,76184,0.0,0.0
2024-06-14 00:00:00+02:00,91.3859431295833,91.3859431295833,88.54695674659857,89.52591705322266,135503,0.0,0.0
2024-06-17 00:00:00+02:00,89.77066248899258,89.77066248899258,88.64486404426668,89.23223876953125,64883,0.0,0.0
2024-06-18 00:00:00+02:00,89.52591993616518,89.52591993616518,88.20432497343913,88.93854522705078,80286,0.0,0.0
2024-06-19 00:00:00+02:00,88.5959076233095,88.74275316286888,87.61694731807957,88.2532730102539,97518,0.0,0.0
2024-06-20 00:00:00+02:00,88.2532719567148,90.55382715276698,87.91063734774946,90.4559326171875,111182,0.0,0.0
2024-06-21 00:00:00+02:00,89.7706620370357,90.3580442282179,89.28118185696708,90.1133041381836,174650,0.0,0.0
2024-06-24 00:00:00+02:00,90.45593479149073,91.6796351878343,90.01539816748236,91.19015502929688,95686,0.0,0.0
2024-06-25 00:00:00+02:00,90.55383080467183,91.63068567722274,89.23223584886506,91.53279113769531,112088,0.0,0.0
2024-06-26 00:00:00+02:00,91.38594737131179,92.21806217679044,90.99436173671161,91.43489837646484,73642,0.0,0.0
2024-06-27 00:00:00+02:00,93.0012307655541,95.49758257891615,92.36490506127802,95.00810241699219,292753,0.0,0.0
2024-06-28 00:00:00+02:00,94.51862314096677,94.86125776375006,90.60278180887285,91.53279113769531,171496,0.0,0.0
2024-07-01 00:00:00+02:00,92.4138543232863,93.24596908909919,91.43489401788894,91.67963409423828,119740,0.0,0.0
2024-07-02 00:00:00+02:00,90.7985717473444,91.09226283758109,88.7917000581012,89.77066040039062,107841,0.0,0.0
2024-07-03 00:00:00+02:00,90.40698598002619,91.43489732542653,90.06435135451764,90.21119689941406,91209,0.0,0.0
2024-07-04 00:00:00+02:00,90.35803780832056,91.14120155946205,90.16224126887948,90.8964614868164,47127,0.0,0.0
2024-07-05 00:00:00+02:00,91.14120580355006,92.4138572281195,90.84752218402417,91.0922622680664,92574,0.0,0.0
2024-07-08 00:00:00+02:00,90.70067668681197,91.28805139504269,89.23223618179789,89.37908172607422,108674,0.0,0.0
2024-07-09 00:00:00+02:00,89.0853899615131,91.14120515915772,88.69380433603922,88.98749542236328,106651,0.0,0.0
2024-07-10 00:00:00+02:00,88.7427592443812,89.72171961669898,88.30222259551326,89.62382507324219,121657,0.0,0.0
2024-07-11 00:00:00+02:00,89.91750255697326,91.77752863100314,89.57486794385906,91.67963409423828,149092,0.0,0.0
2024-07-12 00:00:00+02:00,92.02227604868706,92.85439088088422,89.57487508994538,92.12017059326172,369198,0.0,0.0
2024-07-15 00:00:00+02:00,90.99435821661424,91.82648045877718,88.2043228149414,88.2043228149414,366226,0.0,0.0
2024-07-16 00:00:00+02:00,88.15537887691919,88.25327341411528,85.65902709960938,87.37220764160156,338881,0.0,0.0
2024-07-17 00:00:00+02:00,87.66589509520607,87.66589509520607,85.85481262207031,85.85481262207031,197638,0.0,0.0
2024-07-18 00:00:00+02:00,85.85481617400157,86.93167848978192,84.924806867327,85.65902709960938,168092,0.0,0.0
2024-07-19 00:00:00+02:00,85.659028913935,85.80587445727666,83.84795379638672,83.84795379638672,153560,0.0,0.0
2024-07-22 00:00:00+02:00,84.33743257703881,85.46323843234306,84.19058703610791,84.77796173095703,116062,0.0,0.0
2024-07-23 00:00:00+02:00,84.97376220753112,86.0016661038673,84.68007111207804,85.41429138183594,119674,0.0,0.0
2024-07-24 00:00:00+02:00,84.23954023535092,84.48428032032419,83.0647833461544,83.79900360107422,144937,0.0,0.0
2024-07-25 00:00:00+02:00,83.21162701626409,83.35847255771475,81.64529200149754,82.62425231933594,172195,0.0,0.0
2024-07-26 00:00:00+02:00,82.6242593040223,85.56114050580835,82.6242593040223,85.218505859375,135331,0.0,0.0
2024-07-29 00:00:00+02:00,85.41428521725469,85.41428521725469,83.84795024859277,84.04373931884766,92961,0.0,0.0
2024-07-30 00:00:00+02:00,84.48428069787363,84.63111877441406,83.2605802675387,84.63111877441406,97600,0.0,0.0
2024-07-31 00:00:00+02:00,85.12060073833364,85.26744628683987,84.28848592196483,84.5332260131836,101641,0.0,0.0
2024-08-01 00:00:00+02:00,84.48427288765785,84.48427288765785,82.91793050653115,83.35846710205078,101477,0.0,0.0
2024-08-02 00:00:00+02:00,82.18371129245871,82.72214242597624,80.71527089436445,81.15580749511719,144629,0.0,0.0
2024-08-05 00:00:00+02:00,79.39367990346753,80.0789566040039,78.16997951201805,80.0789566040039,208230,0.0,0.0
2024-08-06 00:00:00+02:00,80.0789560366593,80.42159065006277,78.31682449790665,79.24683380126953,149490,0.0,0.0
2024-08-07 00:00:00+02:00,79.83421771917202,81.44949628493289,79.19789201233083,80.86212158203125,150578,0.0,0.0
2024-08-08 00:00:00+02:00,80.27474607686202,81.0089663153699,79.00209467589855,80.91107177734375,99764,0.0,0.0
2024-08-09 00:00:00+02:00,81.10685868619494,82.13476998018966,80.61737854026875,81.89002990722656,114348,0.0,0.0
2024-08-12 00:00:00+02:00,81.98792401878895,82.3795096272804,80.81317466218884,81.05791473388672,79611,0.0,0.0
2024-08-13 00:00:00+02:00,81.15581116871908,82.232666015625,80.86212008825636,82.232666015625,63268,0.0,0.0
2024-08-14 00:00:00+02:00,82.673199922514,83.06478556269543,82.13477620253003,82.8200454711914,86543,0.0,0.0
2024-08-16 00:00:00+02:00,84.09268881281095,84.72901448303948,83.1137285413437,83.70110321044922,113423,0.0,0.0
2024-08-19 00:00:00+02:00,83.79899755050647,85.85481262207031,83.79899755050647,85.85481262207031,118157,0.0,0.0
2024-08-20 00:00:00+02:00,86.05061093522043,87.2253602949942,85.75691986083984,85.75691986083984,118594,0.0,0.0
2024-08-21 00:00:00+02:00,85.95272423977305,87.27431925727939,85.95272423977305,87.02957916259766,84978,0.0,0.0
2024-08-22 00:00:00+02:00,87.02957409762234,89.08538927952888,87.02957409762234,88.59590911865234,164207,0.0,0.0
2024-08-23 00:00:00+02:00,88.79169861524464,88.79169861524464,87.02957450908283,87.71484375,122987,0.0,0.0
2024-08-26 00:00:00+02:00,87.71484797521747,87.91064453125,87.22536778844854,87.91064453125,67210,0.0,0.0
2024-08-27 00:00:00+02:00,87.81273387549437,88.30221401408437,86.24639892578125,86.24639892578125,120717,0.0,0.0
2024-08-28 00:00:00+02:00,86.49113969295549,87.4700999780345,86.29535062348938,86.63798522949219,90591,0.0,0.0
2024-08-29 00:00:00+02:00,88.59591109419534,88.64486209892434,86.0016646899274,86.34429931640625,275314,0.0,0.0
2024-08-30 00:00:00+02:00,86.63798849616252,88.25327452122181,86.2464028735914,86.88272857666016,176681,0.0,0.0
2024-09-02 00:00:00+02:00,86.49114158561368,86.63798712536375,84.72901751523601,86.09955596923828,112086,0.0,0.0
2024-09-03 00:00:00+02:00,86.14850910069974,89.47697571881989,86.14850910069974,88.54695892333984,256364,0.0,0.0
2024-09-04 00:00:00+02:00,86.78483538682437,87.81273925956278,86.24640421381284,87.66590118408203,269552,0.0,0.0
2024-09-05 00:00:00+02:00,87.0785249825661,87.0785249825661,82.28162497617583,83.06478881835938,564292,0.0,0.0
2024-09-06 00:00:00+02:00,83.01583585245166,83.30951945909253,81.44949340820312,81.44949340820312,191597,0.0,0.0
2024-09-09 00:00:00+02:00,81.64528843866961,82.52635418005121,80.96001176476206,81.10685729980469,145868,0.0,0.0
2024-09-10 00:00:00+02:00,81.25370283484732,81.69423197110103,80.3726370934657,81.10685729980469,96241,0.0,0.0
2024-09-11 00:00:00+02:00,81.10685552943492,82.23266131502254,80.61737540255979,81.20475006103516,98729,0.0,0.0
2024-09-12 00:00:00+02:00,82.18372004630343,83.35847697123319,82.03688196595274,82.3795166015625,132424,0.0,0.0
2024-09-13 00:00:00+02:00,82.57529926783542,83.70110509920188,82.37951019667356,83.16267395019531,81257,0.0,0.0
2024-09-16 00:00:00+02:00,82.72214320225008,83.79899801051637,82.42845213232556,83.26057434082031,92252,0.0,0.0
2024-09-17 00:00:00+02:00,84.04373862127053,84.2884786914949,83.45636394650691,83.65215301513672,94343,0.0,0.0
2024-09-18 00:00:00+02:00,83.30952168131839,83.55426176115121,81.69423566064685,82.1837158203125,129222,0.0,0.0
2024-09-19 00:00:00+02:00,84.1416313617843,86.73587754463108,83.70110223232172,85.90376281738281,260562,0.0,0.0
2024-09-20 00:00:00+02:00,84.2395362189744,84.58217082782589,81.44949340820312,81.44949340820312,531073,0.0,0.0
2024-09-23 00:00:00+02:00,79.68737098496518,80.71527483245806,79.19789082838538,80.0789566040039,217235,0.0,0.0
2024-09-24 00:00:00+02:00,81.98792700893368,83.9947986575977,81.64529238983543,83.45636749267578,258232,0.0,0.0
2024-09-25 00:00:00+02:00,83.06477603837102,84.58216741925976,82.67319044308935,83.35846710205078,122669,0.0,0.0
2024-09-26 00:00:00+02:00,85.70798358397109,90.50488343322826,85.51218702818258,89.62382507324219,523565,0.0,0.0
2024-09-27 00:00:00+02:00,92.12016177124951,93.58860220586733,90.94541241110497,93.05017852783203,431952,0.0,0.0
2024-09-30 00:00:00+02:00,93.19702493153916,95.05705114218674,92.80544675571858,94.71441650390625,289981,0.0,0.0
2024-10-01 00:00:00+02:00,94.71440469075763,95.05703928630341,92.36489858449892,92.80543518066406,172114,0.0,0.0
2024-10-02 00:00:00+02:00,92.51174779561019,95.44862867801052,92.4627967933538,93.88229370117188,220337,0.0,0.0
2024-10-03 00:00:00+02:00,93.19701989313005,93.39281643933015,91.48383932547048,91.58174133300781,133552,0.0,0.0
2024-10-04 00:00:00+02:00,91.33700741598969,92.90334254692533,90.9943653042342,92.51175689697266,128550,0.0,0.0
2024-10-07 00:00:00+02:00,92.90333676701009,93.78440255736996,91.43489627270183,93.6865005493164,133090,0.0,0.0
2024-10-08 00:00:00+02:00,90.70067564751739,93.14807646116398,90.26013901973627,92.85438537597656,129368,0.0,0.0
2024-10-09 00:00:00+02:00,92.7564863824694,93.53965759277344,91.72857510255463,93.53965759277344,95382,0.0,0.0
2024-10-10 00:00:00+02:00,93.58860591302545,93.58860591302545,91.38594517384865,92.41385650634766,141650,0.0,0.0
2024-10-11 00:00:00+02:00,92.41385621707,93.29492200375768,91.77753051174697,92.85438537597656,97072,0.0,0.0
2024-10-14 00:00:00+02:00,92.90333557128906,93.78440135030908,91.53278963379952,92.90333557128906,126574,0.0,0.0
2024-10-15 00:00:00+02:00,93.3928124995131,93.44175603234252,90.11329704497324,90.50487518310547,182566,0.0,0.0
2024-10-16 00:00:00+02:00,87.02957485669464,90.65172509122357,86.0995580615929,90.26013946533203,231918,0.0,0.0
2024-10-17 00:00:00+02:00,90.65172210303835,91.43489332900548,90.01539641554935,91.28804779052734,189569,0.0,0.0
2024-10-18 00:00:00+02:00,92.85438576298331,96.329697920396,92.41385660224067,93.6865005493164,443343,0.0,0.0
2024-10-21 00:00:00+02:00,93.63755985091423,94.37178012031156,91.53279358486694,91.82648468017578,182020,0.0,0.0
2024-10-22 00:00:00+02:00,92.12016185004461,92.90333307006037,90.8964614868164,90.8964614868164,114010,0.0,0.0
2024-10-23 00:00:00+02:00,90.55382796099202,91.385942724156,90.06434780985153,90.406982421875,113720,0.0,0.0
2024-10-24 00:00:00+02:00,90.70067877332492,92.60964848620804,90.65172776781517,91.82648468017578,95383,0.0,0.0
2024-10-25 00:00:00+02:00,91.5817406499017,92.16911534637173,90.70067487075946,91.19015502929688,114624,0.0,0.0
2024-10-28 00:00:00+01:00,92.218055295141,92.60964090051962,91.09225694937949,91.38594055175781,86773,0.0,0.0
2024-10-29 00:00:00+01:00,91.63068567722274,92.56070247491981,91.19015651491202,91.53279113769531,78157,0.0,0.0
2024-10-30 00:00:00+01:00,91.19015256154088,91.53278716946993,88.98749190773012,90.8964614868164,181227,0.0,0.0
2024-10-31 00:00:00+01:00,89.28118082556423,90.16224663328438,88.00853685341266,88.88960266113281,134205,0.0,0.0
2024-11-01 00:00:00+01:00,88.74276004770206,89.81961497322457,88.2043288505033,89.57487487792969,60738,0.0,0.0
2024-11-04 00:00:00+01:00,89.18328531158801,90.45593673873141,88.69380514251357,88.93854522705078,92042,0.0,0.0
2024-11-05 00:00:00+01:00,89.18328755057563,89.18328755057563,87.76379801217267,87.95958709716797,94542,0.0,0.0
2024-11-06 00:00:00+01:00,88.25327597789642,91.63068615696021,88.05747942894186,88.93854522705078,154417,0.0,0.0
2024-11-07 00:00:00+01:00,88.74275183508448,91.28804709682429,88.59590629772222,90.8964614868164,106157,0.0,0.0
2024-11-08 00:00:00+01:00,91.23910039065903,91.58174248359536,88.05747929646184,89.37908172607422,110386,0.0,0.0
2024-11-11 00:00:00+01:00,89.37907845411591,90.89646243909115,89.08538737631457,89.13433837890625,102006,0.0,0.0
2024-11-12 00:00:00+01:00,87.86169427387081,87.91064528051487,84.63112202611164,84.87586212158203,252407,0.0,0.0
2024-11-13 00:00:00+01:00,84.68006746502478,86.09955693787136,84.63111646159925,86.05061340332031,94207,0.0,0.0
2024-11-14 00:00:00+01:00,86.0506159285553,87.71484552961891,85.21850112802349,87.61695098876953,123034,0.0,0.0
2024-11-15 00:00:00+01:00,86.78483103898324,88.0574749322641,86.19745635986328,86.19745635986328,119120,0.0,0.0
2024-11-18 00:00:00+01:00,86.1974590548089,87.47010298787872,86.1974590548089,87.32325744628906,152601,0.0,0.0
2024-11-19 00:00:00+01:00,87.17641567042674,88.05747394478936,84.4842749081818,86.24639892578125,184314,0.0,0.0
2024-11-20 00:00:00+01:00,86.68693759540585,87.47010135446841,85.70797729492188,85.70797729492188,101295,0.0,0.0
2024-11-21 00:00:00+01:00,84.8269104626672,86.49113996498613,84.63111392371104,86.19745635986328,84724,0.0,0.0
2024-11-22 00:00:00+01:00,86.49114253224651,89.47697448730469,86.49114253224651,89.47697448730469,154109,0.0,0.0
2024-11-25 00:00:00+01:00,90.40698487814213,93.34386586477723,90.35804134302296,90.70067596435547,318821,0.0,0.0
2024-11-26 00:00:00+01:00,89.9664582070593,93.4907139947623,89.57487257089791,92.26701354980469,175472,0.0,0.0
2024-11-27 00:00:00+01:00,92.36490332046668,92.60964339681601,90.84751932842539,91.67963409423828,88408,0.0,0.0
2024-11-28 00:00:00+01:00,91.58174362276264,92.36490742052032,91.28805253055681,91.87542724609375,83682,0.0,0.0
2024-11-29 00:00:00+01:00,91.6796399418544,92.4628037548003,90.70067957401587,91.77753448486328,86824,0.0,0.0
2024-12-02 00:00:00+01:00,91.19015865201693,92.9033392749576,91.14120764666872,92.26701354980469,145989,0.0,0.0
2024-12-03 00:00:00+01:00,93.14807536567868,93.83334459789066,92.46279866459223,93.34386444091797,133823,0.0,0.0
2024-12-04 00:00:00+01:00,93.88229439057905,94.71440915292808,93.34386323730206,94.27388000488281,159175,0.0,0.0
2024-12-05 00:00:00+01:00,94.27388109626912,94.7144102494143,93.29492078361368,93.7844009399414,124837,0.0,0.0
2024-12-06 00:00:00+01:00,94.2738847439042,95.98706535733744,93.68650255848445,94.86125946044922,186235,0.0,0.0
2024-12-09 00:00:00+01:00,95.88915974871158,97.99392591714663,95.88915974871158,96.77022552490234,243646,0.0,0.0
2024-12-10 00:00:00+01:00,96.280745250691,96.7702254069923,94.91019931927246,95.4975814819336,139494,0.0,0.0
2024-12-11 00:00:00+01:00,95.00810507460113,96.96602577706484,94.22493380606575,96.13390350341797,147519,0.0,0.0
2024-12-12 00:00:00+01:00,98.67920569639485,104.25927667154751,98.67920569639485,103.86769104003906,668977,0.0,0.0
2024-12-13 00:00:00+01:00,103.28031308367892,103.67189870288956,101.42028699408422,101.9097671508789,221710,0.0,0.0
2024-12-16 00:00:00+01:00,101.51818194099486,102.20345864459517,99.75605785075369,101.02870178222656,179241,0.0,0.0
2024-12-17 00:00:00+01:00,100.34343498340552,101.90977003571301,100.2455404430503,101.32239532470703,191121,0.0,0.0
2024-12-18 00:00:00+01:00,101.02870137487358,102.49714184525763,100.44132668049484,101.9097671508789,128958,0.0,0.0
2024-12-19 00:00:00+01:00,100.14764590269507,101.8118754953578,100.04974389346519,101.32239532470703,202948,0.0,0.0
2024-12-20 00:00:00+01:00,100.63712282571942,102.88872705672735,100.53922081964889,102.79083251953125,209486,0.0,0.0
2024-12-23 00:00:00+01:00,102.30136108398438,103.37821602267236,101.71398634187048,102.30136108398438,122443,0.0,0.0
2024-12-27 00:00:00+01:00,103.28031565628314,104.16138145423488,102.00766422936675,103.47610473632812,108509,0.0,0.0
2024-12-30 00:00:00+01:00,103.47610243678315,104.35716821515501,102.88872774082674,103.18241882324219,100948,0.0,0.0
2025-01-02 00:00:00+01:00,103.67190076809128,103.8676898471596,101.71398010190967,103.08452606201172,82828,0.0,0.0
2025-01-03 00:00:00+01:00,102.69294310123819,102.88873218538981,101.22450256347656,101.22450256347656,166433,0.0,0.0
2025-01-06 00:00:00+01:00,101.32238851476363,105.33612415055914,101.22449398098796,105.14033508300781,222184,0.0,0.0
2025-01-07 00:00:00+01:00,105.33613026586494,106.60878168545504,104.94454463915456,106.5108871459961,180089,0.0,0.0
2025-01-08 00:00:00+01:00,105.82561094331226,106.9024658203125,105.3361307747781,106.9024658203125,167557,0.0,0.0
2025-01-09 00:00:00+01:00,106.21718968742523,107.97932116748518,106.02140062025154,107.2940444946289,104170,0.0,0.0
2025-01-10 00:00:00+01:00,107.2940498262918,108.46880669433257,107.0003662109375,107.0003662109375,122044,0.0,0.0
2025-01-13 00:00:00+01:00,106.21720076960645,107.19616114536319,105.5319314941267,107.0982666015625,145860,0.0,0.0
2025-01-14 00:00:00+01:00,108.86039037063816,110.42673294081993,107.2940552693313,109.2519760131836,414345,0.0,0.0
2025-01-15 00:00:00+01:00,109.93724797331929,110.13303705163904,106.80457043808126,108.66459655761719,287026,0.0,0.0
2025-01-16 00:00:00+01:00,112.58044183881861,113.95098784193573,109.54566620476457,111.01410675048828,416794,0.0,0.0
2025-01-17 00:00:00+01:00,111.0141076541767,114.04888331293475,110.42673292488078,113.95098876953125,314448,0.0,0.0
2025-01-20 00:00:00+01:00,113.65729589439186,114.44046716713156,112.97202663240073,114.04888153076172,193812,0.0,0.0
2025-01-21 00:00:00+01:00,114.04887688409269,115.22362627646488,113.26570564326158,114.73414611816406,162451,0.0,0.0
2025-01-22 00:00:00+01:00,114.83205082359547,116.98576058318372,114.73414881453492,116.30049133300781,155569,0.0,0.0
2025-01-23 00:00:00+01:00,116.30048317413267,117.4752325117,115.6152065031566,117.1815414428711,131006,0.0,0.0
2025-01-24 00:00:00+01:00,118.45419666582836,120.02053165689088,117.6710254358599,118.25840759277344,295867,0.0,0.0
2025-01-27 00:00:00+01:00,116.98575621129329,118.74788774428512,116.49627605978161,118.25840759277344,146477,0.0,0.0
2025-01-28 00:00:00+01:00,118.16051099434878,119.62895151607908,117.37734719741745,119.23737335205078,195025,0.0,0.0
2025-01-29 00:00:00+01:00,118.2584036799657,120.21632422123086,116.88785780730525,119.33525848388672,304024,0.0,0.0
2025-01-30 00:00:00+01:00,119.33526284844991,121.58686707193046,119.2373683115811,120.80370330810547,212876,0.0,0.0
2025-01-31 00:00:00+01:00,121.09738880654031,122.56582928908787,120.90159972975043,121.97845458984375,163657,0.0,0.0
2025-02-03 00:00:00+01:00,118.4542019574359,122.66373443603516,118.06261632495868,122.66373443603516,167534,0.0,0.0
2025-02-04 00:00:00+01:00,123.15320733628,123.44689094163762,121.39107582863717,121.78266143798828,175606,0.0,0.0
2025-02-05 00:00:00+01:00,121.48897158116492,122.9574120292907,121.19528797286436,122.56582641601562,114860,0.0,0.0
2025-02-06 00:00:00+01:00,123.15321240131635,123.64269256591797,121.78266644665692,123.64269256591797,124492,0.0,0.0
2025-02-07 00:00:00+01:00,123.44689661850724,123.44689661850724,120.51001561662899,120.60791015625,175435,0.0,0.0
2025-02-10 00:00:00+01:00,120.70580729994262,122.17424774169922,119.92263607678937,122.17424774169922,147031,0.0,0.0
2025-02-11 00:00:00+01:00,122.17425426265733,123.44689823211486,121.78266863018011,122.66373443603516,139070,0.0,0.0
2025-02-12 00:00:00+01:00,123.44689533942042,123.64269188550834,121.58686923039514,123.25110626220703,145552,0.0,0.0
2025-02-13 00:00:00+01:00,124.32795376364987,127.95010375976562,124.1321646980284,127.95010375976562,213681,0.0,0.0
2025-02-14 00:00:00+01:00,129.90802265701464,130.593291846942,126.09008364331353,128.04800415039062,224951,0.0,0.0
2025-02-17 00:00:00+01:00,127.95011222735931,128.63538147125888,127.26484298345974,128.34170532226562,102985,0.0,0.0
2025-02-18 00:00:00+01:00,128.5374837648928,129.32065495215204,127.46062151519288,128.92906188964844,99796,0.0,0.0
2025-02-19 00:00:00+01:00,128.92907246794027,128.92907246794027,124.52375098312854,124.91533660888672,438039,0.0,0.0
2025-02-20 00:00:00+01:00,124.32795740205918,125.89429984836568,122.17424774169922,122.17424774169922,237721,0.0,0.0
2025-02-21 00:00:00+01:00,122.76162904975021,124.52375319363077,122.17425433512335,123.9363784790039,121926,0.0,0.0
2025-02-24 00:00:00+01:00,123.64268568121496,124.03426381599263,121.3910740618725,121.88055419921875,164278,0.0,0.0
2025-02-25 00:00:00+01:00,120.6079119360852,122.0763524586944,119.5310570466134,120.51001739501953,144955,0.0,0.0
2025-02-26 00:00:00+01:00,122.46793365478516,123.25110489268545,121.48897334184703,122.46793365478516,158619,0.0,0.0
2025-02-27 00:00:00+01:00,120.90159796968774,123.54478781224452,119.82474312527108,122.07634735107422,127420,0.0,0.0
2025-02-28 00:00:00+01:00,120.02053461462353,122.46793543249461,119.92264007568359,122.37004089355469,168298,0.0,0.0
2025-03-03 00:00:00+01:00,120.02053207540608,121.88055815141134,119.53105192218756,120.80370330810547,150059,0.0,0.0
2025-03-04 00:00:00+01:00,120.80370886200934,120.80370886200934,117.96472234904574,118.35630798339844,195229,0.0,0.0
2025-03-05 00:00:00+01:00,119.6289512801498,119.92264237146655,116.98576133379798,117.9647216796875,189404,0.0,0.0
2025-03-06 00:00:00+01:00,117.86682957036778,117.86682957036778,112.58044209973565,113.55940246582031,281406,0.0,0.0
2025-03-07 00:00:00+01:00,112.6783331148909,112.6783331148909,109.05618286132812,109.05618286132812,294572,0.0,0.0
2025-03-10 00:00:00+01:00,109.44776157791041,110.81829998587465,106.1192951538384,107.2940444946289,259051,0.0,0.0
2025-03-11 00:00:00+01:00,108.27300569498301,108.66459130155627,104.94453924242177,105.53192138671875,225171,0.0,0.0
2025-03-12 00:00:00+01:00,109.64356208475505,109.64356208475505,105.33613493765039,107.0982666015625,280758,0.0,0.0
2025-03-13 00:00:00+01:00,107.685633787674,110.03514001863451,107.00036456021131,108.37090301513672,305619,0.0,0.0
2025-03-14 00:00:00+01:00,107.19615539214364,112.38464809273785,105.14034020716511,108.27301025390625,476133,0.0,0.0
2025-03-17 00:00:00+01:00,108.46880389179948,108.46880389179948,105.33612646017164,105.43402099609375,338415,0.0,0.0
2025-03-18 00:00:00+01:00,105.53192952254254,106.11930424324805,104.3571726122567,105.92350769042969,258238,0.0,0.0
2025-03-19 00:00:00+01:00,104.94454689390076,107.78353341245378,104.94454689390076,106.80457305908203,135068,0.0,0.0
2025-03-20 00:00:00+01:00,106.80457187373545,107.00036842356165,105.336131359975,106.02140808105469,129579,0.0,0.0
2025-03-21 00:00:00+01:00,105.0424463951852,105.62982109940265,104.25927514364554,105.23823547363281,251349,0.0,0.0
2025-03-24 00:00:00+01:00,105.72771854628705,106.41298780857419,103.86769237438297,104.65086364746094,152967,0.0,0.0
2025-03-25 00:00:00+01:00,104.74875017357226,105.82560498999301,104.6508556391475,105.53192138671875,110897,0.0,0.0
2025-03-26 00:00:00+01:00,106.21719614965725,108.56670244305593,106.21719614965725,107.78353118896484,262896,0.0,0.0
2025-03-27 00:00:00+01:00,107.68563932142104,107.68563932142104,104.65086370704687,105.92350769042969,169709,0.0,0.0
2025-03-28 00:00:00+01:00,106.21720053377186,106.21720053377186,103.76979959981398,104.55297088623047,109974,0.0,0.0
2025-03-31 00:00:00+02:00,103.67189541802406,104.35716462827394,102.88872420441773,103.37820434570312,158409,0.0,0.0
2025-04-01 00:00:00+02:00,103.57401051264732,104.74875997339714,103.18242486943907,104.55297088623047,131714,0.0,0.0
2025-04-02 00:00:00+02:00,104.06348032063237,104.45505845591151,102.69293444053282,102.98661804199219,183336,0.0,0.0
2025-04-03 00:00:00+02:00,100.93081410537198,100.93081410537198,95.10600280761719,95.10600280761719,457331,0.0,0.0
2025-04-04 00:00:00+02:00,95.00810463379922,95.84021943471063,90.89646669637705,94.02914428710938,375925,0.0,0.0
2025-04-07 00:00:00+02:00,86.12893527456062,95.25284547967631,86.05061665367127,88.77212524414062,534718,0.0,0.0
2025-04-08 00:00:00+02:00,90.12308519893458,92.59006940240609,88.00853477911927,91.14120483398438,274178,0.0,0.0
2025-04-09 00:00:00+02:00,87.93021680805414,90.47551217998512,87.34284210205078,87.34284210205078,247677,0.0,0.0
2025-04-10 00:00:00+02:00,97.99392426305037,98.14076980141589,91.8264788715678,92.74669647216797,329467,0.0,0.0
2025-04-11 00:00:00+02:00,93.76481544406646,93.84313405984881,90.49509165833317,92.1005859375,168409,0.0,0.0
2025-04-14 00:00:00+02:00,93.94103232628139,94.0585102546209,92.51175114141964,93.6865005493164,128028,0.0,0.0
2025-04-15 00:00:00+02:00,92.04184980678683,94.2543023127749,89.77066206920941,93.86271667480469,339611,0.0,0.0
2025-04-16 00:00:00+02:00,92.80544082749707,95.31157684326172,92.41385520781522,95.31157684326172,203703,0.0,0.0
2025-04-17 00:00:00+02:00,93.56903092565085,96.01643177135918,93.21660460635887,94.58715057373047,242832,0.0,0.0
2025-04-22 00:00:00+02:00,95.38989419277472,95.5465239572404,92.21805743750802,95.2919921875,99802,0.0,0.0
2025-04-23 00:00:00+02:00,96.72128517048925,98.4344657759563,96.23180499749867,96.76043701171875,190787,0.0,0.0
2025-04-24 00:00:00+02:00,96.76043420266646,97.15201982346575,95.64442003815692,96.584228515625,198947,0.0,0.0
2025-04-25 00:00:00+02:00,96.91707309745173,98.53235914285085,96.76043585890108,97.94498443603516,108022,0.0,0.0
2025-04-28 00:00:00+02:00,98.58129980794578,99.02183642688684,97.32823181152344,97.32823181152344,103826,0.0,0.0
2025-04-29 00:00:00+02:00,97.50444346893087,98.1897201538086,96.9170687882316,98.1897201538086,87314,0.0,0.0
2025-04-30 00:00:00+02:00,98.33655739792869,98.63024847025333,95.56610547456276,97.0345458984375,133823,0.0,0.0
2025-05-02 00:00:00+02:00,97.9449833159434,100.49027866228667,97.30865761213894,100.14764404296875,196076,0.0,0.0
2025-05-05 00:00:00+02:00,100.39238125959793,101.22449601673716,100.2455357215441,100.73501586914062,85638,0.0,0.0
2025-05-06 00:00:00+02:00,100.78396831634687,100.8818703296245,98.87499855943257,99.80500793457031,83800,0.0,0.0
2025-05-07 00:00:00+02:00,99.41342222498287,99.9029023787861,97.719817606519,97.83729553222656,105161,0.0,0.0
2025-05-08 00:00:00+02:00,98.87499208483196,99.75605786451129,97.8764558471117,99.31552124023438,92824,0.0,0.0
2025-05-09 00:00:00+02:00,100.09869741082056,101.1266087825403,99.51132268506994,99.90290832519531,90589,0.0,0.0
2025-05-12 00:00:00+02:00,100.83291217354196,104.89559896362945,100.44132655482127,104.06348419189453,178921,0.0,0.0
2025-05-13 00:00:00+02:00,104.60191480430683,106.95142120323293,104.16138562214097,106.65773010253906,136343,0.0,0.0
2025-05-14 00:00:00+02:00,107.24510192871094,107.44089099764899,104.89559575708317,107.24510192871094,136869,0.0,0.0
2025-05-15 00:00:00+02:00,106.36404631974494,107.34300669550169,105.62982603792739,107.0982666015625,114589,0.0,0.0
2025-05-16 00:00:00+02:00,107.48984460091597,110.52462005615234,107.48984460091597,110.52462005615234,175463,0.0,0.0
2025-05-19 00:00:00+02:00,108.68846381932424,109.47821044921875,106.56602634161703,109.47821044921875,174710,0.94,0.0
2025-05-20 00:00:00+02:00,109.72500562000347,109.72500562000347,107.70128458278172,109.5769271850586,107903,0.0,0.0
2025-05-21 00:00:00+02:00,108.5897432952344,109.37948989546881,107.79999669499999,108.19486999511719,99148,0.0,0.0
2025-05-22 00:00:00+02:00,107.5038492418696,108.09615543657556,104.54231073675794,106.36859130859375,151930,0.0,0.0
2025-05-23 00:00:00+02:00,106.51667424722528,107.01026401896257,100.19872366267143,102.91346740722656,251637,0.0,0.0
2025-05-26 00:00:00+02:00,104.83846010420885,105.183978955189,103.45641482661581,103.95000457763672,86533,0.0,0.0
2025-05-27 00:00:00+02:00,103.80192506205744,106.02307891845703,103.25897332897148,106.02307891845703,111605,0.0,0.0
2025-05-28 00:00:00+02:00,105.48013228721396,106.56602827432648,104.54231473734002,105.23333740234375,86898,0.0,0.0
2025-05-29 00:00:00+02:00,106.61538431961857,108.24423197526244,105.77628326416016,105.77628326416016,130536,0.0,0.0
2025-05-30 00:00:00+02:00,105.43077590373655,107.50385139246994,105.43077590373655,107.05961608886719,130162,0.0,0.0
2025-06-02 00:00:00+02:00,105.67757213412172,105.82564303896551,103.75256752374877,105.03590393066406,109810,0.0,0.0
2025-06-03 00:00:00+02:00,105.62820858721122,106.02308190133029,103.90064442807459,104.54231262207031,99671,0.0,0.0
2025-06-04 00:00:00+02:00,105.28269813600615,106.36859411016472,104.83846282958984,104.83846282958984,129258,0.0,0.0
2025-06-05 00:00:00+02:00,105.48012983369394,105.82564115815904,102.0250015258789,102.0250015258789,220634,0.0,0.0
2025-06-06 00:00:00+02:00,101.72885324886451,102.86410367941316,101.38333438922056,102.37051391601562,108707,0.0,0.0
2025-06-09 00:00:00+02:00,101.87692221930304,102.96282570343612,101.43269445330819,101.72885131835938,67330,0.0,0.0
2025-06-10 00:00:00+02:00,101.23525903049018,101.63012479856602,100.59359085999434,100.93910217285156,133463,0.0,0.0
2025-06-11 00:00:00+02:00,101.43269474352846,101.87692251079433,100.29743679969326,101.82756805419922,116163,0.0,0.0
2025-06-12 00:00:00+02:00,100.79102463354454,101.43269280970331,98.63897303957904,98.81666564941406,123770,0.0,0.0
2025-06-13 00:00:00+02:00,96.98051561028545,97.39513673984605,95.3023134099448,96.82257080078125,168661,0.0,0.0
2025-06-16 00:00:00+02:00,96.960777025367,98.40205827081004,96.70410823241397,97.86898040771484,123445,0.0,0.0
2025-06-17 00:00:00+02:00,97.41487666295421,101.33398061583785,96.72385400216606,100.14936065673828,227006,0.0,0.0
2025-06-18 00:00:00+02:00,99.95192394523157,102.074361367422,99.95192394523157,101.33397674560547,123002,0.0,0.0
2025-06-19 00:00:00+02:00,100.14935744426158,100.69230918288046,97.98743945681072,99.11282348632812,129934,0.0,0.0
2025-06-20 00:00:00+02:00,99.31025617867364,100.59359254111241,98.91538287241694,99.06346130371094,181406,0.0,0.0
2025-06-23 00:00:00+02:00,98.02693262327105,99.75449684098119,97.37539050314659,98.32308197021484,69917,0.0,0.0
2025-06-24 00:00:00+02:00,101.0871859274987,101.72885413180114,99.11282685677249,100.19872283935547,128221,0.0,0.0
2025-06-25 00:00:00+02:00,100.59359204568412,100.64294650148446,98.8166659420714,98.9153823852539,107212,0.0,0.0
2025-06-26 00:00:00+02:00,99.35961884913227,100.3961528121499,98.96474554016187,99.26090240478516,88526,0.0,0.0
2025-06-27 00:00:00+02:00,100.29743584047911,101.72885063652326,100.0012865089948,101.53141021728516,123013,0.0,0.0
2025-06-30 00:00:00+02:00,102.17307947360133,102.27179591846716,100.44551532791242,101.87692260742188,114425,0.0,0.0
2025-07-01 00:00:00+02:00,103.30833974605308,105.03590393066406,102.41987665907958,105.03590393066406,163528,0.0,0.0
2025-07-02 00:00:00+02:00,105.3320493363593,106.8128185821277,104.83845958776985,106.22051239013672,136287,0.0,0.0
2025-07-03 00:00:00+02:00,106.86218367957274,107.60256832400395,105.23333595550764,107.20769500732422,102772,0.0,0.0
2025-07-04 00:00:00+02:00,107.01025929485166,107.1089757385247,105.23333318240928,106.31922912597656,54735,0.0,0.0
2025-07-07 00:00:00+02:00,106.22051316833078,106.71410292053639,104.73974391171396,106.4673080444336,102354,0.0,0.0
2025-07-08 00:00:00+02:00,106.41795300391901,106.46730745991947,104.8878217678494,106.2698745727539,94904,0.0,0.0
2025-07-09 00:00:00+02:00,105.92436169314264,106.51666787749083,104.24615205064403,105.77628326416016,159532,0.0,0.0
2025-07-10 00:00:00+02:00,106.51667416517867,107.898727031295,106.02308439382158,107.80000305175781,155718,0.0,0.0
2025-07-11 00:00:00+02:00,108.88590224999058,109.23141356990335,105.38141199989073,106.41795349121094,189505,0.0,0.0
2025-07-14 00:00:00+02:00,105.57884575406251,106.71410369873047,103.3576918529399,106.71410369873047,133200,0.0,0.0
2025-07-15 00:00:00+02:00,106.76346870117196,107.50385335578261,105.23333740234375,105.23333740234375,74981,0.0,0.0
2025-07-16 00:00:00+02:00,104.54231597512806,106.91154840425045,104.34487554594487,105.62821197509766,108397,0.0,0.0
2025-07-17 00:00:00+02:00,105.9737164424016,106.12179487179488,102.56795022426508,103.45641326904297,154259,0.0,0.0
2025-07-18 00:00:00+02:00,103.70320902073384,105.38141115054538,103.40705215943446,103.7525634765625,95964,0.0,0.0
2025-07-21 00:00:00+02:00,103.95000874566175,104.39423652675977,101.82757122485327,102.86410522460938,83171,0.0,0.0
2025-07-22 00:00:00+02:00,102.46923545922385,102.7160303350586,101.53141041210263,101.58077239990234,93836,0.0,0.0
2025-07-23 00:00:00+02:00,103.60448714810738,103.60448714810738,101.4326952264512,101.97564697265625,107795,0.0,0.0
2025-07-24 00:00:00+02:00,102.07436526593176,102.3211601492964,99.60641643228536,100.14936065673828,161787,0.0,0.0
2025-07-25 00:00:00+02:00,99.45833818783314,101.82757057902103,99.31025975121224,100.19872283935547,129785,0.0,0.0
2025-07-28 00:00:00+02:00,101.38333178575205,101.67948864881826,100.248081384356,101.53141021728516,114647,0.0,0.0
2025-07-29 00:00:00+02:00,101.67948835609603,102.7160298422618,101.23526059435748,101.43269348144531,114678,0.0,0.0
2025-07-30 00:00:00+02:00,101.67948933032353,101.87692221930304,100.1493580801956,101.72885131835938,124806,0.0,0.0
2025-07-31 00:00:00+02:00,101.82756571128998,101.87692016674953,97.25691986083984,97.25691986083984,170806,0.0,0.0
2025-08-01 00:00:00+02:00,96.74359378193368,97.07923120642589,94.57180183211496,96.07231140136719,247364,0.0,0.0
2025-08-04 00:00:00+02:00,96.07231180896069,96.72385391561978,94.9271874675961,95.71692657470703,134073,0.0,0.0
2025-08-05 00:00:00+02:00,96.36847019040381,96.66461953586452,94.49282754282363,95.20359802246094,177740,0.0,0.0
2025-08-06 00:00:00+02:00,95.44051689327485,95.7169259555548,93.82154307285045,94.05846405029297,120283,0.0,0.0
2025-08-07 00:00:00+02:00,94.76923364548882,97.71103192046363,94.51256486218932,96.68436431884766,164436,0.0,0.0
2025-08-08 00:00:00+02:00,96.94102481320121,96.94102481320121,95.32205102026577,95.4800033569336,98161,0.0,0.0
2025-08-11 00:00:00+02:00,95.93410935707992,97.53334294589781,95.18385078721177,95.40103149414062,120678,0.0,0.0
2025-08-12 00:00:00+02:00,96.01308011208037,96.565898221014,94.67051539188569,95.63794708251953,88652,0.0,0.0
2025-08-13 00:00:00+02:00,96.17102739936138,96.4474364609675,94.96666717529297,94.96666717529297,133800,0.0,0.0
2025-08-14 00:00:00+02:00,95.06538909186449,95.8946162587047,94.41384700513412,95.28256225585938,80840,0.0,0.0
2025-08-18 00:00:00+02:00,95.71692823502295,95.8156446836764,94.72974868532397,95.75641632080078,121767,0.0,0.0
2025-08-19 00:00:00+02:00,95.55898005329516,98.4217946211899,95.55898005329516,97.59256744384766,157505,0.0,0.0
2025-08-20 00:00:00+02:00,96.74359314620374,97.67154430689602,96.03282268538258,97.33589935302734,100784,0.0,0.0
2025-08-21 00:00:00+02:00,96.74358964573706,97.00025842098701,95.93410276833191,96.7041015625,105787,0.0,0.0
2025-08-22 00:00:00+02:00,95.97359132882696,98.7673110961914,95.97359132882696,98.7673110961914,153662,0.0,0.0
2025-08-25 00:00:00+02:00,98.38231377506993,98.52051830421493,97.49385070800781,97.49385070800781,142312,0.0,0.0
2025-08-26 00:00:00+02:00,97.3359022591641,99.75449667897986,97.21744553321187,97.770263671875,232042,0.0,0.0
2025-08-27 00:00:00+02:00,97.92820230963291,100.49487500665127,97.73076942443848,98.71794891357422,189892,0.0,0.0
2025-08-28 00:00:00+02:00,98.91538461391099,102.32115846730706,98.8166681685043,99.60641479492188,213270,0.0,0.0
2025-08-29 00:00:00+02:00,99.8038457482944,102.37051093695318,97.5530776977539,97.5530776977539,361738,0.0,0.0
2025-09-01 00:00:00+02:00,98.22436056331712,98.71795031489158,96.03282086127342,96.74359130859375,279760,0.0,0.0
2025-09-02 00:00:00+02:00,96.78307979113593,99.50769733989192,96.07230934088811,96.3882064819336,249993,0.0,0.0
2025-09-03 00:00:00+02:00,97.11871723876651,98.10589674628974,94.69025655404917,94.92718505859375,269236,0.0,0.0
2025-09-04 00:00:00+02:00,95.10487419751092,95.73667603833854,93.99923792212266,94.2953872680664,179394,0.0,0.0
2025-09-05 00:00:00+02:00,94.6902611384152,96.17103047139051,93.28846797744498,94.94692993164062,169191,0.0,0.0
2025-09-08 00:00:00+02:00,94.7692323332573,95.22333400106433,94.43359491723633,94.82846069335938,89515,0.0,0.0
2025-09-09 00:00:00+02:00,95.49974736792166,96.56590308737762,94.43359918004793,95.20359802246094,113346,0.0,0.0
2025-09-10 00:00:00+02:00,95.34180230706372,96.76333573103464,95.16410968761957,96.11180114746094,144756,0.0,0.0
2025-09-11 00:00:00+02:00,96.1907766652619,97.3753890991211,95.9341078763456,97.3753890991211,136403,0.0,0.0
2025-09-12 00:00:00+02:00,96.92128294230517,97.5925652989352,95.83538700611648,96.44743347167969,140882,0.0,0.0
2025-09-15 00:00:00+02:00,99.11282468229626,101.92628479003906,97.82948830184701,101.92628479003906,433171,0.0,0.0
2025-09-16 00:00:00+02:00,101.92628829512384,103.1602627296895,100.39615698362952,100.59359741210938,188704,0.0,0.0
2025-09-17 00:00:00+02:00,100.74167459643805,100.79102905425691,98.61923708909093,100.19872283935547,165732,0.0,0.0
2025-09-18 00:00:00+02:00,100.49487716482894,104.24615478515625,99.40897367819387,104.24615478515625,272734,0.0,0.0
2025-09-19 00:00:00+02:00,103.85128340255918,104.19680226285638,101.87692434523613,102.41987609863281,254136,0.0,0.0
2025-09-22 00:00:00+02:00,102.41987474203711,102.41987474203711,100.59359414451959,101.97564697265625,87392,0.0,0.0
2025-09-23 00:00:00+02:00,102.17308055229907,105.48013044550152,101.82756922582992,104.64102935791016,225880,0.0,0.0
2025-09-24 00:00:00+02:00,104.44359426549656,104.54231070932467,101.53141021728516,101.53141021728516,191575,0.0,0.0
2025-09-25 00:00:00+02:00,101.58077357627654,101.97564688850144,81.00794857202136,83.9892349243164,2286297,0.0,0.0
2025-09-26 00:00:00+02:00,83.219236050394,84.93692629606711,76.60512878704387,82.52820587158203,4695275,0.0,0.0
2025-09-29 00:00:00+02:00,83.47589920033718,90.52436048875866,82.6269241963799,89.97154235839844,3330841,0.0,0.0
2025-09-30 00:00:00+02:00,91.80769348144531,91.84718156522716,86.22025389741526,91.80769348144531,2871716,0.0,0.0
2025-10-01 00:00:00+02:00,90.66256473031203,92.14333403037962,89.63590464339077,89.8728256225586,1436831,0.0,0.0
2025-10-02 00:00:00+02:00,92.5974430887878,93.60436289725497,88.05641121756994,88.86589813232422,2247767,0.0,0.0
2025-10-03 00:00:00+02:00,90.0307697355385,90.66256402949033,89.14231418763141,90.1294937133789,788369,0.0,0.0
2025-10-06 00:00:00+02:00,89.89256326367365,90.72179796382099,88.74743895495256,89.53717803955078,567511,0.0,0.0
2025-10-07 00:00:00+02:00,89.39897347873391,91.45230865478516,88.23410136266463,91.45230865478516,921148,0.0,0.0
2025-10-08 00:00:00+02:00,91.61026424084233,93.34769480691403,90.91923404452507,92.9923095703125,933036,0.0,0.0
2025-10-09 00:00:00+02:00,93.13050940443998,95.06538783123995,91.51153564453125,91.51153564453125,1048489,0.0,0.0
2025-10-10 00:00:00+02:00,91.3338470305425,92.26179820117378,87.40487670898438,87.40487670898438,593322,0.0,0.0
2025-10-13 00:00:00+02:00,87.91820870850029,90.05052016125455,87.8589803453401,89.00411224365234,341028,0.0,0.0
2025-10-14 00:00:00+02:00,88.47103072960971,88.9448726785022,86.41769553352368,87.36538696289062,426505,0.0,0.0
2025-10-15 00:00:00+02:00,90.82051421814786,91.31410396933346,88.78692685336947,88.98435974121094,793350,0.0,0.0
2025-10-16 00:00:00+02:00,88.76718372784701,89.61615874719374,87.12846958389603,89.00411224365234,470125,0.0,0.0
2025-10-17 00:00:00+02:00,87.95768992889495,89.14230982070877,87.68128088027957,88.7474365234375,447188,0.0,0.0
2025-10-20 00:00:00+02:00,89.55692791466265,89.7741086157047,88.35256768639827,89.22128295898438,358602,0.0,0.0
2025-10-21 00:00:00+02:00,89.24102916964355,91.03769557576142,89.18179327759482,90.642822265625,461628,0.0,0.0
2025-10-22 00:00:00+02:00,89.65564459706731,89.79384912871566,88.07615885567036,88.31307983398438,491856,0.0,0.0
2025-10-23 00:00:00+02:00,88.23409888521395,90.62307894199442,88.23409888521395,89.2015380859375,415439,0.0,0.0
2025-10-24 00:00:00+02:00,89.53717588310569,90.05051343073396,88.569744209746,88.84615325927734,296212,0.0,0.0
2025-10-27 00:00:00+01:00,88.7276948466672,89.41872504753272,88.41179769334025,89.26077270507812,233588,0.0,0.0
2025-10-28 00:00:00+01:00,89.24103367048974,90.30718940215476,88.68820799578437,89.65564727783203,310749,0.0,0.0
2025-10-29 00:00:00+01:00,89.04359111046102,90.12949462503276,87.44436508278655,87.50359344482422,410982,0.0,0.0
2025-10-30 00:00:00+01:00,86.87180107681196,87.91820899785813,86.65462036906676,87.64179992675781,269570,0.0,0.0
2025-10-31 00:00:00+01:00,87.04948895529945,87.72077131921576,86.1412856192897,86.61512756347656,313494,0.0,0.0
2025-11-03 00:00:00+01:00,86.37821032457609,88.23410516075165,85.88462055129278,87.79975128173828,241106,0.0,0.0
2025-11-04 00:00:00+01:00,87.02974878568608,87.42461456246468,85.84512886060453,86.16102600097656,266665,0.0,0.0
2025-11-05 00:00:00+01:00,85.60821082581101,87.95769541722514,84.50256703077851,87.60231018066406,218305,0.0,0.0
2025-11-06 00:00:00+01:00,87.18769527121522,88.1353867106045,85.68718570841106,86.20051574707031,254735,0.0,0.0
2025-11-07 00:00:00+01:00,85.96359725312001,87.12846942652085,84.70000863076973,85.52923583984375,229308,0.0,0.0
2025-11-10 00:00:00+01:00,86.69410856014268,87.40487904759408,86.18077850341797,86.18077850341797,308043,0.0,0.0
2025-11-11 00:00:00+01:00,86.87179870942435,91.31410659797446,86.61512992257624,90.7810287475586,649330,0.0,0.0
2025-11-12 00:00:00+01:00,91.63000435263481,92.55795552782045,90.18872313193975,92.43949127197266,547435,0.0,0.0
2025-11-13 00:00:00+01:00,92.49871968638912,92.87385273099476,89.51744079589844,89.51744079589844,424685,0.0,0.0
2025-11-14 00:00:00+01:00,89.49769660951007,90.01102663288587,87.85897503306,89.24102783203125,324901,0.0,0.0
2025-11-17 00:00:00+01:00,89.22128542269914,89.22128542269914,86.0820541381836,86.0820541381836,405738,0.0,0.0
2025-11-18 00:00:00+01:00,85.39102455199179,85.47000071753855,83.63384629227555,84.3643569946289,410191,0.0,0.0
2025-11-19 00:00:00+01:00,84.24589574143306,85.92410542684821,83.41666856845627,85.8056411743164,214715,0.0,0.0
2025-11-20 00:00:00+01:00,86.71384145733008,87.40487160868736,85.05538716986865,86.27948760986328,284456,0.0,0.0
2025-11-21 00:00:00+01:00,85.50949247278217,87.97744126524962,85.23307588149693,87.46410369873047,271900,0.0,0.0
2025-11-24 00:00:00+01:00,88.31308245918021,88.31308245918021,86.75333694811853,87.18769836425781,152139,0.0,0.0
2025-11-25 00:00:00+01:00,87.18769794878521,87.62205936285464,86.04257358203255,87.54308319091797,241858,0.0,0.0
2025-11-26 00:00:00+01:00,87.79974735099829,88.98435974121094,87.1679530720073,88.98435974121094,245783,0.0,0.0
2025-11-27 00:00:00+01:00,89.10282536589308,89.43846278671197,88.47103107716647,88.92513275146484,168571,0.0,0.0
2025-11-28 00:00:00+01:00,89.26077051085389,91.9261597373874,89.14231378850708,90.48487854003906,516037,0.0,0.0
2025-12-01 00:00:00+01:00,89.97153921441107,91.15615160423964,88.96461943621497,90.89949035644531,224914,0.0,0.0
2025-12-02 00:00:00+01:00,90.32692683494214,92.22230972160385,90.09000585700495,91.6892318725586,326851,0.0,0.0
2025-12-03 00:00:00+01:00,91.3141016915231,92.7948709081424,91.27461360862345,92.12358856201172,386685,0.0,0.0
2025-12-04 00:00:00+01:00,92.30128460973685,92.89359081214604,91.70897840732768,91.74846649169922,245216,0.0,0.0
2025-12-05 00:00:00+01:00,91.80769604916928,93.95974772018728,91.6497437096242,93.60436248779297,408795,0.0,0.0
2025-12-08 00:00:00+01:00,93.30820528475249,94.21641617073917,91.82743599890851,92.04461669921875,281166,0.0,0.0
2025-12-09 00:00:00+01:00,92.00512509404896,92.87384786204971,91.33384274222192,91.4128189086914,292824,0.0,0.0
2025-12-10 00:00:00+01:00,91.17589852276804,92.28154226565191,90.4453878072175,92.06436157226562,259330,0.0,0.0
2025-12-11 00:00:00+01:00,93.48589731791071,96.25000298023224,92.99230755903773,94.76923370361328,947519,0.0,0.0
2025-12-12 00:00:00+01:00,94.76923565274653,95.83539136141965,94.35462205434548,94.90744018554688,360584,0.0,0.0
2025-12-15 00:00:00+01:00,95.14435722691513,98.52051683127564,95.14435722691513,96.54615783691406,507772,0.0,0.0
2025-12-16 00:00:00+01:00,96.15128451720378,98.34282420566726,96.03282026619051,98.0071792602539,327505,0.0,0.0
2025-12-17 00:00:00+01:00,98.12564321816542,98.14538349415108,96.56589780993465,97.90846252441406,326598,0.0,0.0
2025-12-18 00:00:00+01:00,97.7899969259162,100.84038543701172,97.13846238522407,100.84038543701172,587782,0.0,0.0
2025-12-19 00:00:00+01:00,99.40897174013448,101.08718139393665,98.71794910900418,98.7673110961914,421975,0.0,0.0
2025-12-22 00:00:00+01:00,98.81666633176278,99.35961806878058,98.32307658232182,99.01410675048828,218396,0.0,0.0
2025-12-23 00:00:00+01:00,98.54026096407496,99.26090533911814,97.27667236328125,97.27667236328125,170216,0.0,0.0
2025-12-29 00:00:00+01:00,97.73077011771365,97.88872245225511,95.95384401203157,97.00025939941406,224764,0.0,0.0
2025-12-30 00:00:00+01:00,97.13846284919214,97.41487189999276,96.42769241480094,97.158203125,158119,0.0,0.0
2026-01-02 00:00:00+01:00,97.73077441335487,97.92820730862776,95.04564486078327,95.91436767578125,262164,0.0,0.0
2026-01-05 00:00:00+01:00,95.95384393931617,96.26974107657783,94.07820892333984,94.07820892333984,413204,0.0,0.0
2026-01-06 00:00:00+01:00,94.05846644712652,97.29641417048592,93.52538858561019,96.30923461914062,383080,0.0,0.0
2026-01-07 00:00:00+01:00,96.32898265470422,97.05949341557702,92.99231094308675,94.39411163330078,507428,0.0,0.0
2026-01-08 00:00:00+01:00,93.97948474750963,95.6576944050327,93.34769047433775,94.98641204833984,284213,0.0,0.0
2026-01-09 00:00:00+01:00,95.10487102318875,98.59948741607712,94.71000524177656,98.1453857421875,500750,0.0,0.0
2026-01-12 00:00:00+01:00,98.14538250828106,98.14538250828106,95.53922927260732,96.15128326416016,410230,0.0,0.0
2026-01-13 00:00:00+01:00,96.74359280641335,97.82948877037302,94.59154115496659,95.77615356445312,463368,0.0,0.0
2026-01-14 00:00:00+01:00,95.75641410009668,96.66461745717768,92.59744262695312,92.59744262695312,525730,0.0,0.0
2026-01-15 00:00:00+01:00,93.78205088022594,94.72974228006788,90.8600005144845,91.31410217285156,517202,0.0,0.0
2026-01-16 00:00:00+01:00,89.22128327926751,90.52435995861543,86.39794921875,86.39794921875,1233996,0.0,0.0
2026-01-19 00:00:00+01:00,83.91026152661567,84.99615752240837,83.3376955815602,83.41667175292969,609649,0.0,0.0
2026-01-20 00:00:00+01:00,83.06128545555414,83.31795424344517,80.55384853337202,81.10667419433594,599434,0.0,0.0
2026-01-21 00:00:00+01:00,81.56077490376448,82.80461568003797,80.57359538073865,80.81051635742188,563931,0.0,0.0
2026-01-22 00:00:00+01:00,82.6466665885051,83.53512961948826,81.20538546339093,81.89640808105469,443612,0.0,0.0
2026-01-23 00:00:00+01:00,81.63974550949756,81.93590238617688,80.15897618926545,80.94872283935547,369424,0.0,0.0
2026-01-26 00:00:00+01:00,80.65256188212982,80.65256188212982,79.6653823852539,79.6653823852539,286599,0.0,0.0
2026-01-27 00:00:00+01:00,81.10667399304583,81.40282333380159,78.89538641784242,79.09282684326172,408000,0.0,0.0
2026-01-28 00:00:00+01:00,78.00692232823329,78.36230755783106,76.66436511057532,77.33563995361328,574795,0.0,0.0
2026-01-29 00:00:00+01:00,77.5133305047923,78.12538450204542,77.03948856566494,78.10564422607422,385169,0.0,0.0
2026-01-30 00:00:00+01:00,78.50050998912737,79.98127922899829,78.28333682714171,79.56666564941406,382519,0.0,0.0
2026-02-02 00:00:00+01:00,80.02076760220086,81.02769490664407,79.66538238081877,80.11949157714844,375534,0.0,0.0
2026-02-03 00:00:00+01:00,80.86974562669911,80.86974562669911,77.73051440696652,78.18461608886719,396135,0.0,0.0
2026-02-04 00:00:00+01:00,78.1846154911066,81.28435860198587,78.1846154911066,80.90923309326172,411487,0.0,0.0
2026-02-05 00:00:00+01:00,81.04743477812805,81.93589782714844,80.31692406296987,81.93589782714844,434807,0.0,0.0
2026-02-06 00:00:00+01:00,81.20538808401848,81.87667044780449,79.11256482478403,81.77794647216797,259224,0.0,0.0
2026-02-09 00:00:00+01:00,81.85692412658786,81.95564057243519,80.41564292878721,81.26461791992188,281856,0.0,0.0
2026-02-10 00:00:00+01:00,82.25179692312003,83.96948717109929,81.79769524981894,82.07410430908203,456333,0.0,0.0
2026-02-11 00:00:00+01:00,81.7582086508733,82.37026267292053,81.08692626693127,81.56077575683594,281054,0.0,0.0
2026-02-12 00:00:00+01:00,82.37025891491189,85.21333312988281,82.25179466494492,85.21333312988281,621637,0.0,0.0
2026-02-13 00:00:00+01:00,84.52231472763894,84.93692832588535,83.45615901936345,84.12744140625,377761,0.0,0.0
2026-02-16 00:00:00+01:00,84.58154463240294,84.83821342572422,83.16000366210938,83.16000366210938,204665,0.0,0.0
2026-02-17 00:00:00+01:00,82.98230431489098,84.44333325278164,82.78487143238924,83.9102554321289,251465,0.0,0.0
2026-02-18 00:00:00+01:00,83.67333784943787,85.19359520722152,83.21923617606072,84.99615478515625,288342,0.0,0.0
2026-02-19 00:00:00+01:00,84.85794996503851,85.41076808176504,83.08103136202526,84.8974380493164,407948,0.0,0.0
2026-02-20 00:00:00+01:00,85.78589874837277,87.24692016841131,85.01589995516575,86.57563781738281,525193,0.0,0.0
2026-02-23 00:00:00+01:00,85.98333406693777,87.56281978125521,85.41076814187834,86.35846710205078,353798,0.0,0.0
2026-02-24 00:00:00+01:00,86.25974618333282,87.62205877963483,85.8846206665039,85.8846206665039,226072,0.0,0.0
2026-02-25 00:00:00+01:00,86.47692624612556,86.79282339783923,83.10077402501406,83.21923828125,384647,0.0,0.0
2026-02-26 00:00:00+01:00,83.21923388132808,84.08794911971489,81.8371810913086,81.8371810913086,403901,0.0,0.0
2026-02-27 00:00:00+01:00,81.73846435437585,82.3505108147418,80.33666376195252,81.28435516357422,440506,0.0,0.0
2026-03-02 00:00:00+01:00,78.2241053869738,78.95462367628174,76.94077649168084,77.57257080078125,423438,0.0,0.0
2026-03-03 00:00:00+01:00,76.5261540066933,76.5261540066933,72.20231036790572,73.24871826171875,684237,0.0,0.0
2026-03-04 00:00:00+01:00,74.82820716810015,75.47974170474639,72.75512424670708,75.2428207397461,477539,0.0,0.0
2026-03-05 00:00:00+01:00,74.13717749374528,76.11153645513174,73.84102816848635,74.43333435058594,378846,0.0,0.0
2026-03-06 00:00:00+01:00,75.02564092657694,76.01282041245295,73.34743881322042,74.07794952392578,280945,0.0,0.0
2026-03-09 00:00:00+01:00,71.9653862204894,72.91307762569282,70.5635931543499,71.2546157836914,414738,0.0,0.0
2026-03-10 00:00:00+01:00,73.32769455115552,73.7225678709141,72.18257020859598,72.79461669921875,300319,0.0,0.0
2026-03-11 00:00:00+01:00,72.1628234691261,72.91308203462216,71.03743938667314,71.17564392089844,268337,0.0,0.0
2026-03-12 00:00:00+01:00,70.48462124977196,71.17564392089844,69.18154454737473,71.17564392089844,392337,0.0,0.0
2026-03-13 00:00:00+01:00,70.4451292045793,71.037435393908,68.13512527514101,69.43820190429688,323470,0.0,0.0
2026-03-16 00:00:00+01:00,69.47769523429622,71.55077835086503,68.78667254982821,71.11641693115234,293929,0.0,0.0
2026-03-17 00:00:00+01:00,71.07692365703167,72.81436167749092,70.1884606050024,71.9061508178711,484511,0.0,0.0
2026-03-18 00:00:00+01:00,72.89332914692496,75.24282112821201,72.65640818070148,74.88743591308594,548823,0.0,0.0
2026-03-19 00:00:00+01:00,73.70282284818597,73.70282284818597,72.37999844191279,73.22897338867188,482530,0.0,0.0
2026-03-20 00:00:00+01:00,73.56461106311556,74.19641285531198,70.95845785518436,71.41255950927734,300668,0.0,0.0
2026-03-23 00:00:00+01:00,70.22794726706684,75.0058998437203,69.10256326780343,72.87358856201172,389822,0.0,0.0
2026-03-24 00:00:00+01:00,73.48564403551505,73.52513211911433,71.66922984785724,71.9061508178711,245024,0.0,0.0
2026-03-25 00:00:00+01:00,73.46589622416155,73.60410075096104,71.96538670537487,72.36026000976562,293295,0.0,0.0
2026-03-26 00:00:00+01:00,71.80743534503802,72.715646216931,71.41256203529089,72.20230865478516,158108,0.0,0.0
2026-03-27 00:00:00+01:00,72.439226857945,72.53795083029307,70.70179641202758,70.8597412109375,143538,0.0,0.0
2026-03-30 00:00:00+02:00,71.2151329846211,72.79461877716015,70.91897610345276,72.47872161865234,285856,0.0,0.0
2026-03-31 00:00:00+02:00,72.5576923076923,73.91999728863057,71.96538612170097,73.62384796142578,233855,0.0,0.0
2026-04-01 00:00:00+02:00,75.28231203618978,75.7759017944336,74.21615635080346,75.7759017944336,317260,0.0,0.0
2026-04-02 00:00:00+02:00,74.86769255613636,75.81539154052734,73.38692324895092,75.81539154052734,230347,0.0,0.0
2026-04-07 00:00:00+02:00,76.15102847460082,76.82231085743588,73.4264108582018,73.70282745361328,286255,0.0,0.0
2026-04-08 00:00:00+02:00,78.67820616878352,79.84307832492851,77.29616084079979,79.7443618774414,642652,0.0,0.0
2026-04-09 00:00:00+02:00,77.98718317326865,79.32974794181605,77.78975027913374,78.63872528076172,383653,0.0,0.0
2026-04-10 00:00:00+02:00,82.96256951647395,83.8707728864724,81.73846899466812,82.76512908935547,834309,0.0,0.0
2026-04-13 00:00:00+02:00,80.13923029713742,81.18563813334349,78.69794916355377,81.08692169189453,516266,0.0,0.0
2026-04-14 00:00:00+02:00,81.50153951232676,83.89051969674931,80.81051685459013,82.92308044433594,372375,0.0,0.0
2026-04-15 00:00:00+02:00,82.80461509718029,83.55487363824187,81.02769648719065,83.5351333618164,505917,0.0,0.0
2026-04-16 00:00:00+02:00,83.91026223327346,84.97641796099361,82.78487814231849,83.16000366210938,377234,0.0,0.0
2026-04-17 00:00:00+02:00,83.51538480475656,88.35256589646606,83.43640863659904,86.7138442993164,578156,0.0,0.0
2026-04-20 00:00:00+02:00,85.09487306118025,86.4571856422033,84.7789759106614,85.58846282958984,233746,0.0,0.0
2026-04-21 00:00:00+02:00,85.94384315360986,86.6546135845517,85.31204888867973,85.47000122070312,228155,0.0,0.0
2026-04-22 00:00:00+02:00,85.43051843019053,86.1610291821002,84.73948823215085,85.23307800292969,192589,0.0,0.0
2026-04-23 00:00:00+02:00,84.50256484751894,85.11461885724566,83.17974791461592,84.4433364868164,215916,0.0,0.0
2026-04-24 00:00:00+02:00,83.10077277062544,83.69307897970006,81.28435852700359,82.8243637084961,275905,0.0,0.0
2026-04-27 00:00:00+02:00,83.23897435417302,83.51538340651464,82.11359033730682,82.38999938964844,144641,0.0,0.0
2026-04-28 00:00:00+02:00,82.3307737883054,82.82436355018783,81.62000332614157,81.81743621826172,126307,0.0,0.0
2026-04-29 00:00:00+02:00,81.50154210452475,81.65949444936378,79.84308014162652,80.336669921875,181152,0.0,0.0
2026-04-30 00:00:00+02:00,79.27052143255918,82.15308393115856,79.17179745160226,81.69898223876953,237910,0.0,0.0
2026-05-04 00:00:00+02:00,81.97539063500895,82.31102806643683,80.29718088312279,81.50154113769531,253517,0.0,0.0
2026-05-05 00:00:00+02:00,81.0276999683488,82.86385454966475,80.71180281089565,81.24488067626953,186213,0.0,0.0
2026-05-06 00:00:00+02:00,81.89641203448159,84.89743867757164,81.5212865284386,83.63385009765625,368353,0.0,0.0
2026-05-07 00:00:00+02:00,84.70000193241181,86.67436088159081,84.26564055348629,84.3643569946289,261989,0.0,0.0
2026-05-08 00:00:00+02:00,83.61410354200457,84.79872350210574,83.31795420066588,84.02872467041016,155371,0.0,0.0
2026-05-11 00:00:00+02:00,83.63385340023291,83.73256984976534,80.47487429411903,81.24488067626953,264986,0.0,0.0
2026-05-12 00:00:00+02:00,80.15897483069736,81.34359478575495,79.64564478894654,81.00794982910156,172769,0.0,0.0
2026-05-13 00:00:00+02:00,80.71179900304364,81.97538757324219,79.56666715406246,81.97538757324219,183645,0.0,0.0
2026-05-14 00:00:00+02:00,81.97539089369782,82.56769711852232,81.50154139488885,82.05436706542969,106477,0.0,0.0
2026-05-15 00:00:00+02:00,81.3830784385437,81.56077104554592,80.08000183105469,80.08000183105469,205707,0.0,0.0
2026-05-18 00:00:00+02:00,79.18000030517578,82.72000122070312,78.83999633789062,82.0999984741211,244434,1.04,0.0
2026-05-19 00:00:00+02:00,82.5,83.69999694824219,81.9000015258789,82.0,153703,0.0,0.0
2026-05-20 00:00:00+02:00,81.0999984741211,84.9000015258789,80.73999786376953,83.45999908447266,179158,0.0,0.0
2026-05-21 00:00:00+02:00,83.54000091552734,84.26000213623047,82.62000274658203,83.4800033569336,195819,0.0,0.0
2026-05-22 00:00:00+02:00,84.69999694824219,85.66000366210938,82.08000183105469,82.30000305175781,247415,0.0,0.0
2026-05-25 00:00:00+02:00,83.30000305175781,84.30000305175781,82.81999969482422,83.9800033569336,152655,0.0,0.0
2026-05-26 00:00:00+02:00,83.27999877929688,83.30000305175781,80.9000015258789,81.05999755859375,391940,0.0,0.0
2026-05-27 00:00:00+02:00,81.5999984741211,84.95999908447266,81.41999816894531,82.94000244140625,464651,0.0,0.0
2026-05-28 00:00:00+02:00,82.5,83.5,81.54000091552734,81.63999938964844,312553,0.0,0.0
2026-05-29 00:00:00+02:00,82.36000061035156,85.5,81.87999725341797,82.4800033569336,499959,0.0,0.0
2026-06-01 00:00:00+02:00,82.44000244140625,84.83999633789062,81.5999984741211,82.33999633789062,334862,0.0,0.0
2026-06-02 00:00:00+02:00,83.31999969482422,84.37999725341797,81.30000305175781,83.0,266502,0.0,0.0
2026-06-03 00:00:00+02:00,82.37999725341797,83.0,80.76000213623047,81.05999755859375,373755,0.0,0.0
2026-06-04 00:00:00+02:00,81.0999984741211,83.94000244140625,80.37999725341797,83.0999984741211,331246,0.0,0.0
2026-06-05 00:00:00+02:00,83.0,84.9800033569336,82.91999816894531,82.91999816894531,241448,0.0,0.0
2026-06-08 00:00:00+02:00,81.5,85.80000305175781,81.18000030517578,85.63999938964844,336754,0.0,0.0
2026-06-09 00:00:00+02:00,84.91999816894531,88.4800033569336,84.69999694824219,87.12000274658203,397258,0.0,0.0
2026-06-10 00:00:00+02:00,87.9800033569336,88.19999694824219,85.41999816894531,87.13999938964844,211093,0.0,0.0
2026-06-11 00:00:00+02:00,86.05999755859375,89.13999938964844,85.81999969482422,86.27999877929688,494173,0.0,0.0
2026-06-12 00:00:00+02:00,88.0,88.81999969482422,85.41999816894531,85.41999816894531,510999,0.0,0.0
2026-06-15 00:00:00+02:00,87.91999816894531,89.18000030517578,86.12000274658203,86.12000274658203,309445,0.0,0.0
2026-06-16 00:00:00+02:00,86.87999725341797,88.31999969482422,86.05999755859375,87.83999633789062,295682,0.0,0.0
2026-06-17 00:00:00+02:00,87.9000015258789,88.45999908447266,86.4800033569336,86.77999877929688,236278,0.0,0.0
2026-06-18 00:00:00+02:00,86.31999969482422,88.26000213623047,85.4800033569336,87.80000305175781,343036,0.0,0.0
2026-06-19 00:00:00+02:00,87.95999908447266,88.63999938964844,84.36000061035156,84.68000030517578,528205,0.0,0.0
2026-06-22 00:00:00+02:00,84.26000213623047,84.45999908447266,81.31999969482422,81.83999633789062,458333,0.0,0.0
2026-06-23 00:00:00+02:00,81.30000305175781,82.83999633789062,81.08000183105469,82.33999633789062,205350,0.0,0.0
2026-06-24 00:00:00+02:00,82.5,83.19999694824219,81.72000122070312,82.41999816894531,193699,0.0,0.0
2026-06-25 00:00:00+02:00,82.44000244140625,83.4000015258789,81.13999938964844,81.13999938964844,243638,0.0,0.0
2026-06-26 00:00:00+02:00,81.16000366210938,82.5,80.31999969482422,81.91999816894531,221936,0.0,0.0
2026-06-29 00:00:00+02:00,82.22000122070312,83.5,81.83999633789062,82.58000183105469,167512,0.0,0.0
2026-06-30 00:00:00+02:00,82.04000091552734,82.63999938964844,80.62000274658203,82.5999984741211,213141,0.0,0.0
2026-07-01 00:00:00+02:00,82.4000015258789,83.68000030517578,81.12000274658203,83.36000061035156,301178,0.0,0.0
2026-07-02 00:00:00+02:00,82.9800033569336,84.26000213623047,82.37999725341797,83.23999786376953,280377,0.0,0.0
2026-07-03 00:00:00+02:00,82.80000305175781,83.13999938964844,81.54000091552734,82.33999633789062,272366,0.0,0.0
2026-07-06 00:00:00+02:00,82.23999786376953,83.58000183105469,82.19999694824219,83.0,257796,0.0,0.0
2026-07-07 00:00:00+02:00,83.30000305175781,84.5999984741211,81.95999908447266,81.95999908447266,220395,0.0,0.0
2026-07-08 00:00:00+02:00,81.72000122070312,81.77999877929688,77.86000061035156,78.81999969482422,492732,0.0,0.0
2026-07-09 00:00:00+02:00,80.33999633789062,81.4800033569336,79.23999786376953,80.69999694824219,297604,0.0,0.0
2026-07-10 00:00:00+02:00,80.4000015258789,81.4000015258789,80.31999969482422,80.31999969482422,165729,0.0,0.0
2026-07-13 00:00:00+02:00,80.19999694824219,82.87999725341797,79.69999694824219,82.23999786376953,244720,0.0,0.0
2026-07-14 00:00:00+02:00,81.12000274658203,81.81999969482422,80.0,80.9000015258789,223370,0.0,0.0
2026-07-15 00:00:00+02:00,82.66000366210938,84.0999984741211,80.5199966430664,83.9800033569336,474056,0.0,0.0
2026-07-16 00:00:00+02:00,83.5,83.66000366210938,81.86000061035156,83.63999938964844,192102,0.0,0.0
2026-07-17 00:00:00+02:00,82.63999938964844,83.4800033569336,81.58000183105469,82.30000305175781,167105,0.0,0.0
2026-07-20 00:00:00+02:00,81.18000030517578,83.30000305175781,81.18000030517578,82.86000061035156,136281,0.0,0.0
2026-07-21 00:00:00+02:00,82.69999694824219,83.31999969482422,82.23999786376953,82.33999633789062,182596,0.0,0.0
2026-07-22 00:00:00+02:00,82.0,83.55999755859375,81.44000244140625,82.4800033569336,152821,0.0,0.0
2026-07-23 00:00:00+02:00,82.0,82.0,80.26000213623047,80.36000061035156,259067,0.0,0.0
2026-07-24 00:00:00+02:00,80.33999633789062,82.44000244140625,80.31999969482422,81.58000183105469,211620,0.0,0.0
2026-07-27 00:00:00+02:00,82.5,84.33999633789062,82.4800033569336,83.55999755859375,389173,0.0,0.0
2026-07-28 00:00:00+02:00,84.30000305175781,85.37999725341797,83.54000091552734,85.12000274658203,411123,0.0,0.0
2026-07-29 00:00:00+02:00,85.62000274658203,86.45999908447266,83.18000030517578,83.69999694824219,270772,0.0,0.0
2026-07-30 00:00:00+02:00,83.4000015258789,85.41999816894531,83.4000015258789,85.4000015258789,344713,0.0,0.0
2026-07-31 00:00:00+02:00,88.08000183105469,89.58000183105469,85.72000122070312,87.91999816894531,1004290,0.0,0.0
2026-08-03 00:00:00+02:00,87.81999969482422,93.30000305175781,87.77999877929688,92.33999633789062,1024328,0.0,0.0
2026-08-04 00:00:00+02:00,93.16000366210938,93.26000213623047,90.80000305175781,91.22000122070312,287754,0.0,0.0
2026-08-05 00:00:00+02:00,90.37999725341797,92.9000015258789,90.0199966430664,92.9000015258789,376294,0.0,0.0
2026-08-06 00:00:00+02:00,93.0,95.04000091552734,92.4000015258789,92.4000015258789,324370,0.0,0.0
2026-08-07 00:00:00+02:00,92.31999969482422,92.9800033569336,90.0,90.0,261042,0.0,0.0
2026-08-10 00:00:00+02:00,90.0,90.91999816894531,89.77999877929688,90.36000061035156,135446,0.0,0.0
2026-08-11 00:00:00+02:00,91.0,92.45999908447266,90.86000061035156,91.77999877929688,175401,0.0,0.0
2026-08-12 00:00:00+02:00,91.62000274658203,91.62000274658203,89.22000122070312,89.22000122070312,258564,0.0,0.0
2026-08-13 00:00:00+02:00,90.13999938964844,90.63999938964844,89.69999694824219,90.31999969482422,65626,0.0,0.0
